"","Date","Temp"
"1","1981-01-01",20.7
"2","1981-01-02",17.9
"3","1981-01-03",18.8
"4","1981-01-04",14.6
"5","1981-01-05",15.8
"6","1981-01-06",15.8
"7","1981-01-07",15.8
"8","1981-01-08",17.4
"9","1981-01-09",21.8
"10","1981-01-10",20
"11","1981-01-11",16.2
"12","1981-01-12",13.3
"13","1981-01-13",16.7
"14","1981-01-14",21.5
"15","1981-01-15",25
"16","1981-01-16",20.7
"17","1981-01-17",20.6
"18","1981-01-18",24.8
"19","1981-01-19",17.7
"20","1981-01-20",15.5
"21","1981-01-21",18.2
"22","1981-01-22",12.1
"23","1981-01-23",14.4
"24","1981-01-24",16
"25","1981-01-25",16.5
"26","1981-01-26",18.7
"27","1981-01-27",19.4
"28","1981-01-28",17.2
"29","1981-01-29",15.5
"30","1981-01-30",15.1
"31","1981-01-31",15.4
"32","1981-02-01",15.3
"33","1981-02-02",18.8
"34","1981-02-03",21.9
"35","1981-02-04",19.9
"36","1981-02-05",16.6
"37","1981-02-06",16.8
"38","1981-02-07",14.6
"39","1981-02-08",17.1
"40","1981-02-09",25
"41","1981-02-10",15
"42","1981-02-11",13.7
"43","1981-02-12",13.9
"44","1981-02-13",18.3
"45","1981-02-14",22
"46","1981-02-15",22.1
"47","1981-02-16",21.2
"48","1981-02-17",18.4
"49","1981-02-18",16.6
"50","1981-02-19",16.1
"51","1981-02-20",15.7
"52","1981-02-21",16.6
"53","1981-02-22",16.5
"54","1981-02-23",14.4
"55","1981-02-24",14.4
"56","1981-02-25",18.5
"57","1981-02-26",16.9
"58","1981-02-27",17.5
"59","1981-02-28",21.2
"60","1981-03-01",17.8
"61","1981-03-02",18.6
"62","1981-03-03",17
"63","1981-03-04",16
"64","1981-03-05",13.3
"65","1981-03-06",14.3
"66","1981-03-07",11.4
"67","1981-03-08",16.3
"68","1981-03-09",16.1
"69","1981-03-10",11.8
"70","1981-03-11",12.2
"71","1981-03-12",14.7
"72","1981-03-13",11.8
"73","1981-03-14",11.3
"74","1981-03-15",10.6
"75","1981-03-16",11.7
"76","1981-03-17",14.2
"77","1981-03-18",11.2
"78","1981-03-19",16.9
"79","1981-03-20",16.7
"80","1981-03-21",8.1
"81","1981-03-22",8
"82","1981-03-23",8.8
"83","1981-03-24",13.4
"84","1981-03-25",10.9
"85","1981-03-26",13.4
"86","1981-03-27",11
"87","1981-03-28",15
"88","1981-03-29",15.7
"89","1981-03-30",14.5
"90","1981-03-31",15.8
"91","1981-04-01",16.7
"92","1981-04-02",16.8
"93","1981-04-03",17.5
"94","1981-04-04",17.1
"95","1981-04-05",18.1
"96","1981-04-06",16.6
"97","1981-04-07",10
"98","1981-04-08",14.9
"99","1981-04-09",15.9
"100","1981-04-10",13
"101","1981-04-11",7.6
"102","1981-04-12",11.5
"103","1981-04-13",13.5
"104","1981-04-14",13
"105","1981-04-15",13.3
"106","1981-04-16",12.1
"107","1981-04-17",12.4
"108","1981-04-18",13.2
"109","1981-04-19",13.8
"110","1981-04-20",10.6
"111","1981-04-21",9
"112","1981-04-22",10
"113","1981-04-23",9.8
"114","1981-04-24",11.5
"115","1981-04-25",8.9
"116","1981-04-26",7.4
"117","1981-04-27",9.9
"118","1981-04-28",9.3
"119","1981-04-29",9.9
"120","1981-04-30",7.4
"121","1981-05-01",8.6
"122","1981-05-02",11.9
"123","1981-05-03",14
"124","1981-05-04",8.6
"125","1981-05-05",10
"126","1981-05-06",13.5
"127","1981-05-07",12
"128","1981-05-08",10.5
"129","1981-05-09",10.7
"130","1981-05-10",8.1
"131","1981-05-11",10.1
"132","1981-05-12",10.6
"133","1981-05-13",5.3
"134","1981-05-14",6.6
"135","1981-05-15",8.5
"136","1981-05-16",11.2
"137","1981-05-17",9.8
"138","1981-05-18",5.9
"139","1981-05-19",3.2
"140","1981-05-20",2.1
"141","1981-05-21",3.4
"142","1981-05-22",5.4
"143","1981-05-23",9.6
"144","1981-05-24",11.5
"145","1981-05-25",12.3
"146","1981-05-26",12.6
"147","1981-05-27",11
"148","1981-05-28",11.2
"149","1981-05-29",11.4
"150","1981-05-30",11.8
"151","1981-05-31",12.8
"152","1981-06-01",11.6
"153","1981-06-02",10.6
"154","1981-06-03",9.8
"155","1981-06-04",11.2
"156","1981-06-05",5.7
"157","1981-06-06",7.1
"158","1981-06-07",2.5
"159","1981-06-08",3.5
"160","1981-06-09",4.6
"161","1981-06-10",11
"162","1981-06-11",5.7
"163","1981-06-12",7.7
"164","1981-06-13",10.4
"165","1981-06-14",11.4
"166","1981-06-15",9.2
"167","1981-06-16",6.1
"168","1981-06-17",2.7
"169","1981-06-18",4.3
"170","1981-06-19",6.3
"171","1981-06-20",3.8
"172","1981-06-21",4.4
"173","1981-06-22",7.1
"174","1981-06-23",4.8
"175","1981-06-24",5.8
"176","1981-06-25",6.2
"177","1981-06-26",7.3
"178","1981-06-27",9.2
"179","1981-06-28",10.2
"180","1981-06-29",9.5
"181","1981-06-30",9.5
"182","1981-07-01",10.7
"183","1981-07-02",10
"184","1981-07-03",6.5
"185","1981-07-04",7
"186","1981-07-05",7.4
"187","1981-07-06",8.1
"188","1981-07-07",6.6
"189","1981-07-08",8.3
"190","1981-07-09",8.9
"191","1981-07-10",4.6
"192","1981-07-11",6.8
"193","1981-07-12",5.7
"194","1981-07-13",6.1
"195","1981-07-14",7
"196","1981-07-15",7.2
"197","1981-07-16",6.3
"198","1981-07-17",8.8
"199","1981-07-18",5
"200","1981-07-19",7.4
"201","1981-07-20",10.1
"202","1981-07-21",12
"203","1981-07-22",9
"204","1981-07-23",8.9
"205","1981-07-24",9.8
"206","1981-07-25",9
"207","1981-07-26",9.2
"208","1981-07-27",7.7
"209","1981-07-28",8
"210","1981-07-29",6.1
"211","1981-07-30",3.5
"212","1981-07-31",3.2
"213","1981-08-01",5.7
"214","1981-08-02",7.7
"215","1981-08-03",9
"216","1981-08-04",10
"217","1981-08-05",6.2
"218","1981-08-06",6.9
"219","1981-08-07",6.5
"220","1981-08-08",6.8
"221","1981-08-09",7
"222","1981-08-10",5.2
"223","1981-08-11",3
"224","1981-08-12",5.6
"225","1981-08-13",7.9
"226","1981-08-14",9
"227","1981-08-15",8.6
"228","1981-08-16",10.3
"229","1981-08-17",10.5
"230","1981-08-18",7.6
"231","1981-08-19",9.7
"232","1981-08-20",12.5
"233","1981-08-21",7.4
"234","1981-08-22",7.9
"235","1981-08-23",3.9
"236","1981-08-24",6.6
"237","1981-08-25",4.6
"238","1981-08-26",7
"239","1981-08-27",6
"240","1981-08-28",5.5
"241","1981-08-29",8.1
"242","1981-08-30",5.5
"243","1981-08-31",6.2
"244","1981-09-01",8
"245","1981-09-02",10.3
"246","1981-09-03",9.8
"247","1981-09-04",9.6
"248","1981-09-05",8.5
"249","1981-09-06",7.5
"250","1981-09-07",11.2
"251","1981-09-08",14.6
"252","1981-09-09",11.7
"253","1981-09-10",7.8
"254","1981-09-11",12.3
"255","1981-09-12",10.1
"256","1981-09-13",11.5
"257","1981-09-14",7.3
"258","1981-09-15",10.9
"259","1981-09-16",14.1
"260","1981-09-17",10.7
"261","1981-09-18",16.9
"262","1981-09-19",10.5
"263","1981-09-20",6.5
"264","1981-09-21",11
"265","1981-09-22",6.3
"266","1981-09-23",10.5
"267","1981-09-24",7.2
"268","1981-09-25",7.6
"269","1981-09-26",10.7
"270","1981-09-27",7.8
"271","1981-09-28",9.6
"272","1981-09-29",11.4
"273","1981-09-30",12.4
"274","1981-10-01",8.9
"275","1981-10-02",13.2
"276","1981-10-03",8.6
"277","1981-10-04",6.2
"278","1981-10-05",11.4
"279","1981-10-06",13.2
"280","1981-10-07",14.3
"281","1981-10-08",7.3
"282","1981-10-09",12.9
"283","1981-10-10",7.8
"284","1981-10-11",6.2
"285","1981-10-12",5.6
"286","1981-10-13",10
"287","1981-10-14",13.3
"288","1981-10-15",8.3
"289","1981-10-16",10.2
"290","1981-10-17",8.6
"291","1981-10-18",7.3
"292","1981-10-19",10.4
"293","1981-10-20",11.2
"294","1981-10-21",13.2
"295","1981-10-22",11.4
"296","1981-10-23",9.1
"297","1981-10-24",6.6
"298","1981-10-25",8.4
"299","1981-10-26",9.7
"300","1981-10-27",13.2
"301","1981-10-28",12.5
"302","1981-10-29",11
"303","1981-10-30",11
"304","1981-10-31",11.7
"305","1981-11-01",9.2
"306","1981-11-02",11.5
"307","1981-11-03",13.6
"308","1981-11-04",13.7
"309","1981-11-05",10.4
"310","1981-11-06",11.5
"311","1981-11-07",7.6
"312","1981-11-08",9.6
"313","1981-11-09",14.2
"314","1981-11-10",15.7
"315","1981-11-11",10.5
"316","1981-11-12",10.5
"317","1981-11-13",9.7
"318","1981-11-14",9.5
"319","1981-11-15",11.3
"320","1981-11-16",8.9
"321","1981-11-17",9.4
"322","1981-11-18",11.9
"323","1981-11-19",11.7
"324","1981-11-20",13.4
"325","1981-11-21",12.6
"326","1981-11-22",10.1
"327","1981-11-23",15.8
"328","1981-11-24",13.6
"329","1981-11-25",11.9
"330","1981-11-26",9.9
"331","1981-11-27",12.6
"332","1981-11-28",17.8
"333","1981-11-29",15
"334","1981-11-30",13.6
"335","1981-12-01",13.4
"336","1981-12-02",10.5
"337","1981-12-03",14.2
"338","1981-12-04",11.5
"339","1981-12-05",13
"340","1981-12-06",15
"341","1981-12-07",14.7
"342","1981-12-08",12.6
"343","1981-12-09",12.5
"344","1981-12-10",13.5
"345","1981-12-11",14.8
"346","1981-12-12",17.2
"347","1981-12-13",9.7
"348","1981-12-14",12.1
"349","1981-12-15",12.8
"350","1981-12-16",11.2
"351","1981-12-17",16.4
"352","1981-12-18",15.6
"353","1981-12-19",13.3
"354","1981-12-20",11
"355","1981-12-21",11.1
"356","1981-12-22",15
"357","1981-12-23",12.8
"358","1981-12-24",15
"359","1981-12-25",14.2
"360","1981-12-26",14
"361","1981-12-27",15.5
"362","1981-12-28",13.3
"363","1981-12-29",15.6
"364","1981-12-30",15.2
"365","1981-12-31",17.4
"366","1982-01-01",17
"367","1982-01-02",15
"368","1982-01-03",13.5
"369","1982-01-04",15.2
"370","1982-01-05",13
"371","1982-01-06",12.5
"372","1982-01-07",14.1
"373","1982-01-08",14.8
"374","1982-01-09",16.2
"375","1982-01-10",15.8
"376","1982-01-11",19.1
"377","1982-01-12",22.2
"378","1982-01-13",15.9
"379","1982-01-14",13
"380","1982-01-15",14.1
"381","1982-01-16",15.8
"382","1982-01-17",24
"383","1982-01-18",18
"384","1982-01-19",19.7
"385","1982-01-20",25.2
"386","1982-01-21",20.5
"387","1982-01-22",19.3
"388","1982-01-23",15.8
"389","1982-01-24",17
"390","1982-01-25",18.4
"391","1982-01-26",13.3
"392","1982-01-27",14.6
"393","1982-01-28",12.5
"394","1982-01-29",17
"395","1982-01-30",17.1
"396","1982-01-31",14
"397","1982-02-01",14.6
"398","1982-02-02",13.3
"399","1982-02-03",14.8
"400","1982-02-04",15.1
"401","1982-02-05",13.1
"402","1982-02-06",13.6
"403","1982-02-07",19.5
"404","1982-02-08",22.7
"405","1982-02-09",17.2
"406","1982-02-10",13.5
"407","1982-02-11",15.4
"408","1982-02-12",17
"409","1982-02-13",19.2
"410","1982-02-14",22.8
"411","1982-02-15",26.3
"412","1982-02-16",18.2
"413","1982-02-17",17
"414","1982-02-18",14.8
"415","1982-02-19",12.8
"416","1982-02-20",15.5
"417","1982-02-21",15.6
"418","1982-02-22",13.1
"419","1982-02-23",15.2
"420","1982-02-24",14.1
"421","1982-02-25",12.5
"422","1982-02-26",14.6
"423","1982-02-27",10.4
"424","1982-02-28",13.9
"425","1982-03-01",11.9
"426","1982-03-02",13.5
"427","1982-03-03",9.8
"428","1982-03-04",14
"429","1982-03-05",21.5
"430","1982-03-06",19.5
"431","1982-03-07",16.7
"432","1982-03-08",19.1
"433","1982-03-09",11
"434","1982-03-10",9
"435","1982-03-11",10
"436","1982-03-12",14.6
"437","1982-03-13",12.5
"438","1982-03-14",17.2
"439","1982-03-15",19.2
"440","1982-03-16",22.2
"441","1982-03-17",15.7
"442","1982-03-18",14.2
"443","1982-03-19",9.8
"444","1982-03-20",14
"445","1982-03-21",17.5
"446","1982-03-22",20.7
"447","1982-03-23",15.6
"448","1982-03-24",13.2
"449","1982-03-25",14.5
"450","1982-03-26",16.8
"451","1982-03-27",17.2
"452","1982-03-28",13.4
"453","1982-03-29",14.2
"454","1982-03-30",14.3
"455","1982-03-31",10.2
"456","1982-04-01",10.4
"457","1982-04-02",12.3
"458","1982-04-03",11.9
"459","1982-04-04",11.2
"460","1982-04-05",8.5
"461","1982-04-06",12
"462","1982-04-07",12.4
"463","1982-04-08",12.9
"464","1982-04-09",10.1
"465","1982-04-10",15
"466","1982-04-11",13.6
"467","1982-04-12",12.4
"468","1982-04-13",13.6
"469","1982-04-14",16.1
"470","1982-04-15",19.5
"471","1982-04-16",14.2
"472","1982-04-17",9.3
"473","1982-04-18",10.1
"474","1982-04-19",7.4
"475","1982-04-20",8.6
"476","1982-04-21",7.8
"477","1982-04-22",9.1
"478","1982-04-23",13
"479","1982-04-24",16.5
"480","1982-04-25",12.9
"481","1982-04-26",6.9
"482","1982-04-27",6.9
"483","1982-04-28",8.7
"484","1982-04-29",10
"485","1982-04-30",10.8
"486","1982-05-01",7.5
"487","1982-05-02",6.3
"488","1982-05-03",11.9
"489","1982-05-04",13.8
"490","1982-05-05",11.8
"491","1982-05-06",11
"492","1982-05-07",10.1
"493","1982-05-08",8.5
"494","1982-05-09",5.5
"495","1982-05-10",7.6
"496","1982-05-11",8.7
"497","1982-05-12",10.8
"498","1982-05-13",11.2
"499","1982-05-14",9.1
"500","1982-05-15",3.7
"501","1982-05-16",4.6
"502","1982-05-17",6.6
"503","1982-05-18",13.2
"504","1982-05-19",15.2
"505","1982-05-20",7.6
"506","1982-05-21",8.4
"507","1982-05-22",6
"508","1982-05-23",8.3
"509","1982-05-24",8.6
"510","1982-05-25",11.1
"511","1982-05-26",12.1
"512","1982-05-27",12.9
"513","1982-05-28",14
"514","1982-05-29",12.5
"515","1982-05-30",11.5
"516","1982-05-31",7
"517","1982-06-01",7.1
"518","1982-06-02",9
"519","1982-06-03",3.1
"520","1982-06-04",2.5
"521","1982-06-05",0
"522","1982-06-06",1.6
"523","1982-06-07",2.6
"524","1982-06-08",5.7
"525","1982-06-09",2.3
"526","1982-06-10",4.5
"527","1982-06-11",8.2
"528","1982-06-12",6.9
"529","1982-06-13",7.3
"530","1982-06-14",6
"531","1982-06-15",7.3
"532","1982-06-16",7.6
"533","1982-06-17",8
"534","1982-06-18",8
"535","1982-06-19",6.8
"536","1982-06-20",7.3
"537","1982-06-21",6.2
"538","1982-06-22",6.9
"539","1982-06-23",8.9
"540","1982-06-24",4
"541","1982-06-25",1.3
"542","1982-06-26",0.8
"543","1982-06-27",4.3
"544","1982-06-28",7.3
"545","1982-06-29",7.7
"546","1982-06-30",9
"547","1982-07-01",4.2
"548","1982-07-02",1.6
"549","1982-07-03",2.6
"550","1982-07-04",3.4
"551","1982-07-05",3.9
"552","1982-07-06",7
"553","1982-07-07",7.8
"554","1982-07-08",5.3
"555","1982-07-09",2.4
"556","1982-07-10",2.8
"557","1982-07-11",4
"558","1982-07-12",7.5
"559","1982-07-13",7.8
"560","1982-07-14",5.6
"561","1982-07-15",3.3
"562","1982-07-16",5
"563","1982-07-17",3.7
"564","1982-07-18",3.9
"565","1982-07-19",5.2
"566","1982-07-20",0.2
"567","1982-07-21",0.8
"568","1982-07-22",0.9
"569","1982-07-23",3.5
"570","1982-07-24",6.6
"571","1982-07-25",9.5
"572","1982-07-26",9
"573","1982-07-27",3.5
"574","1982-07-28",4.5
"575","1982-07-29",5.7
"576","1982-07-30",5.6
"577","1982-07-31",7.1
"578","1982-08-01",9.7
"579","1982-08-02",8.3
"580","1982-08-03",9.1
"581","1982-08-04",2.8
"582","1982-08-05",2.2
"583","1982-08-06",4.5
"584","1982-08-07",3.8
"585","1982-08-08",3.8
"586","1982-08-09",6.2
"587","1982-08-10",11.5
"588","1982-08-11",10.2
"589","1982-08-12",7.9
"590","1982-08-13",9
"591","1982-08-14",9.5
"592","1982-08-15",6
"593","1982-08-16",8.2
"594","1982-08-17",9.2
"595","1982-08-18",4.3
"596","1982-08-19",6.6
"597","1982-08-20",9.4
"598","1982-08-21",13.2
"599","1982-08-22",6.6
"600","1982-08-23",5.1
"601","1982-08-24",12.1
"602","1982-08-25",11.2
"603","1982-08-26",8.5
"604","1982-08-27",4.6
"605","1982-08-28",7
"606","1982-08-29",14.2
"607","1982-08-30",12.7
"608","1982-08-31",7.6
"609","1982-09-01",4
"610","1982-09-02",10
"611","1982-09-03",10.5
"612","1982-09-04",5
"613","1982-09-05",4.5
"614","1982-09-06",8.2
"615","1982-09-07",4.3
"616","1982-09-08",9.8
"617","1982-09-09",5.8
"618","1982-09-10",5
"619","1982-09-11",8.5
"620","1982-09-12",9
"621","1982-09-13",3.6
"622","1982-09-14",6.7
"623","1982-09-15",6.7
"624","1982-09-16",10.1
"625","1982-09-17",15
"626","1982-09-18",8.9
"627","1982-09-19",5.7
"628","1982-09-20",4.2
"629","1982-09-21",4
"630","1982-09-22",5.3
"631","1982-09-23",6.3
"632","1982-09-24",8.5
"633","1982-09-25",11.5
"634","1982-09-26",7.7
"635","1982-09-27",9.2
"636","1982-09-28",7.8
"637","1982-09-29",6.3
"638","1982-09-30",6.3
"639","1982-10-01",8.6
"640","1982-10-02",6.1
"641","1982-10-03",13.2
"642","1982-10-04",9.9
"643","1982-10-05",4.7
"644","1982-10-06",5.8
"645","1982-10-07",14.9
"646","1982-10-08",10.7
"647","1982-10-09",8.6
"648","1982-10-10",9.4
"649","1982-10-11",5.7
"650","1982-10-12",10.9
"651","1982-10-13",13.1
"652","1982-10-14",10.4
"653","1982-10-15",8.2
"654","1982-10-16",9.8
"655","1982-10-17",7.5
"656","1982-10-18",5.8
"657","1982-10-19",9.8
"658","1982-10-20",7.9
"659","1982-10-21",8.7
"660","1982-10-22",10
"661","1982-10-23",10.6
"662","1982-10-24",8
"663","1982-10-25",10.2
"664","1982-10-26",15.1
"665","1982-10-27",13.9
"666","1982-10-28",9.2
"667","1982-10-29",9
"668","1982-10-30",13.2
"669","1982-10-31",7
"670","1982-11-01",10.6
"671","1982-11-02",6.9
"672","1982-11-03",9.5
"673","1982-11-04",12.5
"674","1982-11-05",13.6
"675","1982-11-06",17.7
"676","1982-11-07",16
"677","1982-11-08",11.3
"678","1982-11-09",10.5
"679","1982-11-10",14.4
"680","1982-11-11",10.3
"681","1982-11-12",9
"682","1982-11-13",11.1
"683","1982-11-14",14.5
"684","1982-11-15",18
"685","1982-11-16",12.8
"686","1982-11-17",10.7
"687","1982-11-18",9.1
"688","1982-11-19",8.7
"689","1982-11-20",12.4
"690","1982-11-21",12.6
"691","1982-11-22",10.3
"692","1982-11-23",13.7
"693","1982-11-24",16
"694","1982-11-25",15.8
"695","1982-11-26",12.1
"696","1982-11-27",12.5
"697","1982-11-28",12.2
"698","1982-11-29",13.7
"699","1982-11-30",16.1
"700","1982-12-01",15.5
"701","1982-12-02",10.3
"702","1982-12-03",10.5
"703","1982-12-04",11
"704","1982-12-05",11.9
"705","1982-12-06",13
"706","1982-12-07",12.2
"707","1982-12-08",10.6
"708","1982-12-09",13
"709","1982-12-10",13
"710","1982-12-11",12.2
"711","1982-12-12",12.6
"712","1982-12-13",18.7
"713","1982-12-14",15.2
"714","1982-12-15",15.3
"715","1982-12-16",13.9
"716","1982-12-17",15.8
"717","1982-12-18",13
"718","1982-12-19",13
"719","1982-12-20",13.7
"720","1982-12-21",12
"721","1982-12-22",10.8
"722","1982-12-23",15.6
"723","1982-12-24",15.3
"724","1982-12-25",13.9
"725","1982-12-26",13
"726","1982-12-27",15.3
"727","1982-12-28",16.3
"728","1982-12-29",15.8
"729","1982-12-30",17.7
"730","1982-12-31",16.3
"731","1983-01-01",18.4
"732","1983-01-02",15
"733","1983-01-03",10.9
"734","1983-01-04",11.4
"735","1983-01-05",14.8
"736","1983-01-06",12.1
"737","1983-01-07",12.8
"738","1983-01-08",16.2
"739","1983-01-09",15.5
"740","1983-01-10",13
"741","1983-01-11",10.5
"742","1983-01-12",9.1
"743","1983-01-13",10.5
"744","1983-01-14",11.8
"745","1983-01-15",12.7
"746","1983-01-16",12.7
"747","1983-01-17",11.5
"748","1983-01-18",13.8
"749","1983-01-19",13.3
"750","1983-01-20",11.6
"751","1983-01-21",15.4
"752","1983-01-22",12.4
"753","1983-01-23",16.9
"754","1983-01-24",14.7
"755","1983-01-25",10.6
"756","1983-01-26",15.6
"757","1983-01-27",10.7
"758","1983-01-28",12.6
"759","1983-01-29",13.8
"760","1983-01-30",14.3
"761","1983-01-31",14
"762","1983-02-01",18.1
"763","1983-02-02",17.3
"764","1983-02-03",13
"765","1983-02-04",16
"766","1983-02-05",14.9
"767","1983-02-06",16.2
"768","1983-02-07",20.3
"769","1983-02-08",22.5
"770","1983-02-09",17.2
"771","1983-02-10",15.9
"772","1983-02-11",16.8
"773","1983-02-12",13.8
"774","1983-02-13",12.8
"775","1983-02-14",14
"776","1983-02-15",17.5
"777","1983-02-16",21.5
"778","1983-02-17",16.8
"779","1983-02-18",13.6
"780","1983-02-19",14.5
"781","1983-02-20",14.2
"782","1983-02-21",15.7
"783","1983-02-22",19.7
"784","1983-02-23",17.4
"785","1983-02-24",14.4
"786","1983-02-25",16.9
"787","1983-02-26",19.1
"788","1983-02-27",20.4
"789","1983-02-28",20.1
"790","1983-03-01",19.9
"791","1983-03-02",22
"792","1983-03-03",20.5
"793","1983-03-04",22.1
"794","1983-03-05",20.6
"795","1983-03-06",15
"796","1983-03-07",20.6
"797","1983-03-08",21.5
"798","1983-03-09",16.2
"799","1983-03-10",14.1
"800","1983-03-11",14.5
"801","1983-03-12",21.1
"802","1983-03-13",15.9
"803","1983-03-14",15.2
"804","1983-03-15",13.1
"805","1983-03-16",13.2
"806","1983-03-17",12.5
"807","1983-03-18",15.2
"808","1983-03-19",17.6
"809","1983-03-20",15.5
"810","1983-03-21",16.7
"811","1983-03-22",16.3
"812","1983-03-23",15.1
"813","1983-03-24",12.7
"814","1983-03-25",10
"815","1983-03-26",11.4
"816","1983-03-27",12.6
"817","1983-03-28",10.7
"818","1983-03-29",10
"819","1983-03-30",13.9
"820","1983-03-31",13.4
"821","1983-04-01",12.5
"822","1983-04-02",12.8
"823","1983-04-03",7.8
"824","1983-04-04",11.1
"825","1983-04-05",10.7
"826","1983-04-06",7.1
"827","1983-04-07",6.7
"828","1983-04-08",5.7
"829","1983-04-09",9.1
"830","1983-04-10",15.2
"831","1983-04-11",15.5
"832","1983-04-12",11.1
"833","1983-04-13",11.7
"834","1983-04-14",11.5
"835","1983-04-15",9.8
"836","1983-04-16",6.2
"837","1983-04-17",6.7
"838","1983-04-18",7.5
"839","1983-04-19",8.8
"840","1983-04-20",8
"841","1983-04-21",10.4
"842","1983-04-22",14.5
"843","1983-04-23",16.5
"844","1983-04-24",14.1
"845","1983-04-25",10.5
"846","1983-04-26",12.6
"847","1983-04-27",13
"848","1983-04-28",8.7
"849","1983-04-29",10.1
"850","1983-04-30",12
"851","1983-05-01",12.5
"852","1983-05-02",13.5
"853","1983-05-03",13.7
"854","1983-05-04",13.5
"855","1983-05-05",10.7
"856","1983-05-06",13
"857","1983-05-07",11.6
"858","1983-05-08",13
"859","1983-05-09",11.2
"860","1983-05-10",13.5
"861","1983-05-11",12.9
"862","1983-05-12",6.8
"863","1983-05-13",10
"864","1983-05-14",14.5
"865","1983-05-15",11.7
"866","1983-05-16",6.7
"867","1983-05-17",4.6
"868","1983-05-18",4.9
"869","1983-05-19",7.4
"870","1983-05-20",8.3
"871","1983-05-21",7.5
"872","1983-05-22",6.2
"873","1983-05-23",7.8
"874","1983-05-24",13.2
"875","1983-05-25",11.9
"876","1983-05-26",6.5
"877","1983-05-27",8.3
"878","1983-05-28",12.1
"879","1983-05-29",9.3
"880","1983-05-30",7.5
"881","1983-05-31",9.3
"882","1983-06-01",11
"883","1983-06-02",10.8
"884","1983-06-03",5.3
"885","1983-06-04",7.6
"886","1983-06-05",5.6
"887","1983-06-06",7.2
"888","1983-06-07",9.6
"889","1983-06-08",7
"890","1983-06-09",8.3
"891","1983-06-10",7.8
"892","1983-06-11",4.7
"893","1983-06-12",6.8
"894","1983-06-13",7.2
"895","1983-06-14",8.3
"896","1983-06-15",9.5
"897","1983-06-16",4.7
"898","1983-06-17",3
"899","1983-06-18",1.5
"900","1983-06-19",2.5
"901","1983-06-20",6.2
"902","1983-06-21",11.6
"903","1983-06-22",6.6
"904","1983-06-23",6.6
"905","1983-06-24",8
"906","1983-06-25",7.9
"907","1983-06-26",3.3
"908","1983-06-27",3.9
"909","1983-06-28",6
"910","1983-06-29",4
"911","1983-06-30",5.5
"912","1983-07-01",8.5
"913","1983-07-02",9.8
"914","1983-07-03",9.5
"915","1983-07-04",7.2
"916","1983-07-05",8.1
"917","1983-07-06",8
"918","1983-07-07",8.5
"919","1983-07-08",8.8
"920","1983-07-09",8.3
"921","1983-07-10",2.4
"922","1983-07-11",4.9
"923","1983-07-12",5.9
"924","1983-07-13",6.7
"925","1983-07-14",8.4
"926","1983-07-15",6.5
"927","1983-07-16",7.9
"928","1983-07-17",4.1
"929","1983-07-18",5.4
"930","1983-07-19",7.5
"931","1983-07-20",3.9
"932","1983-07-21",2.5
"933","1983-07-22",5.3
"934","1983-07-23",6.6
"935","1983-07-24",0
"936","1983-07-25",0.7
"937","1983-07-26",7.6
"938","1983-07-27",12.3
"939","1983-07-28",9.2
"940","1983-07-29",9.6
"941","1983-07-30",9.5
"942","1983-07-31",10
"943","1983-08-01",7.7
"944","1983-08-02",8
"945","1983-08-03",8.3
"946","1983-08-04",8.3
"947","1983-08-05",4.5
"948","1983-08-06",6.5
"949","1983-08-07",9.4
"950","1983-08-08",9.4
"951","1983-08-09",10.5
"952","1983-08-10",10.7
"953","1983-08-11",9.9
"954","1983-08-12",7.6
"955","1983-08-13",5.8
"956","1983-08-14",8.5
"957","1983-08-15",13.8
"958","1983-08-16",14.3
"959","1983-08-17",8.3
"960","1983-08-18",5.3
"961","1983-08-19",3
"962","1983-08-20",5.2
"963","1983-08-21",10.3
"964","1983-08-22",11.1
"965","1983-08-23",10.5
"966","1983-08-24",9
"967","1983-08-25",13
"968","1983-08-26",6.4
"969","1983-08-27",8.4
"970","1983-08-28",6.7
"971","1983-08-29",8.3
"972","1983-08-30",11.2
"973","1983-08-31",10
"974","1983-09-01",10.1
"975","1983-09-02",10.6
"976","1983-09-03",10.9
"977","1983-09-04",5.7
"978","1983-09-05",9.5
"979","1983-09-06",10.4
"980","1983-09-07",11.1
"981","1983-09-08",12.2
"982","1983-09-09",10.6
"983","1983-09-10",8.8
"984","1983-09-11",9.2
"985","1983-09-12",5.5
"986","1983-09-13",7.1
"987","1983-09-14",6.5
"988","1983-09-15",4.3
"989","1983-09-16",5
"990","1983-09-17",11.2
"991","1983-09-18",7.5
"992","1983-09-19",12
"993","1983-09-20",13.6
"994","1983-09-21",8.3
"995","1983-09-22",8.5
"996","1983-09-23",12.9
"997","1983-09-24",7.7
"998","1983-09-25",7.6
"999","1983-09-26",3.5
"1000","1983-09-27",10.4
"1001","1983-09-28",15.4
"1002","1983-09-29",10.6
"1003","1983-09-30",9.6
"1004","1983-10-01",9.3
"1005","1983-10-02",13.9
"1006","1983-10-03",7.7
"1007","1983-10-04",9.5
"1008","1983-10-05",7.6
"1009","1983-10-06",6.9
"1010","1983-10-07",6.8
"1011","1983-10-08",5.8
"1012","1983-10-09",6
"1013","1983-10-10",8.3
"1014","1983-10-11",9.1
"1015","1983-10-12",12.5
"1016","1983-10-13",13.2
"1017","1983-10-14",16.2
"1018","1983-10-15",12.5
"1019","1983-10-16",11.8
"1020","1983-10-17",10.6
"1021","1983-10-18",10
"1022","1983-10-19",12.2
"1023","1983-10-20",8.9
"1024","1983-10-21",10.3
"1025","1983-10-22",7.5
"1026","1983-10-23",11.6
"1027","1983-10-24",12.6
"1028","1983-10-25",12.9
"1029","1983-10-26",11.7
"1030","1983-10-27",14
"1031","1983-10-28",12.3
"1032","1983-10-29",9
"1033","1983-10-30",9.2
"1034","1983-10-31",9.8
"1035","1983-11-01",11.8
"1036","1983-11-02",10.6
"1037","1983-11-03",12.6
"1038","1983-11-04",11
"1039","1983-11-05",8.2
"1040","1983-11-06",7.5
"1041","1983-11-07",13.6
"1042","1983-11-08",14.8
"1043","1983-11-09",10.9
"1044","1983-11-10",7.7
"1045","1983-11-11",10.2
"1046","1983-11-12",10.8
"1047","1983-11-13",10.8
"1048","1983-11-14",12.5
"1049","1983-11-15",13.2
"1050","1983-11-16",8.7
"1051","1983-11-17",5.7
"1052","1983-11-18",9.8
"1053","1983-11-19",7.3
"1054","1983-11-20",10.8
"1055","1983-11-21",10
"1056","1983-11-22",16.2
"1057","1983-11-23",15
"1058","1983-11-24",14.5
"1059","1983-11-25",15.9
"1060","1983-11-26",14.9
"1061","1983-11-27",14.2
"1062","1983-11-28",15.8
"1063","1983-11-29",17.2
"1064","1983-11-30",17.6
"1065","1983-12-01",12.1
"1066","1983-12-02",11.4
"1067","1983-12-03",13
"1068","1983-12-04",13.2
"1069","1983-12-05",12
"1070","1983-12-06",15.3
"1071","1983-12-07",12.7
"1072","1983-12-08",12.1
"1073","1983-12-09",13.8
"1074","1983-12-10",10.9
"1075","1983-12-11",12
"1076","1983-12-12",16.5
"1077","1983-12-13",15
"1078","1983-12-14",11.2
"1079","1983-12-15",13.9
"1080","1983-12-16",15
"1081","1983-12-17",14.8
"1082","1983-12-18",15
"1083","1983-12-19",13.3
"1084","1983-12-20",20.4
"1085","1983-12-21",18
"1086","1983-12-22",12.2
"1087","1983-12-23",16.7
"1088","1983-12-24",13.8
"1089","1983-12-25",17.5
"1090","1983-12-26",15
"1091","1983-12-27",13.9
"1092","1983-12-28",11.1
"1093","1983-12-29",16.1
"1094","1983-12-30",20.4
"1095","1983-12-31",18
"1096","1984-01-01",19.5
"1097","1984-01-02",17.1
"1098","1984-01-03",17.1
"1099","1984-01-04",12
"1100","1984-01-05",11
"1101","1984-01-06",16.3
"1102","1984-01-07",16.1
"1103","1984-01-08",13
"1104","1984-01-09",13.4
"1105","1984-01-10",15.2
"1106","1984-01-11",12.5
"1107","1984-01-12",14.3
"1108","1984-01-13",16.5
"1109","1984-01-14",18.6
"1110","1984-01-15",18
"1111","1984-01-16",18.2
"1112","1984-01-17",11.4
"1113","1984-01-18",11.9
"1114","1984-01-19",12.2
"1115","1984-01-20",14.8
"1116","1984-01-21",13.1
"1117","1984-01-22",12.7
"1118","1984-01-23",10.5
"1119","1984-01-24",13.8
"1120","1984-01-25",18.8
"1121","1984-01-26",13.9
"1122","1984-01-27",11.2
"1123","1984-01-28",10.6
"1124","1984-01-29",14.7
"1125","1984-01-30",13.1
"1126","1984-01-31",12.1
"1127","1984-02-01",14.7
"1128","1984-02-02",11.1
"1129","1984-02-03",13
"1130","1984-02-04",15.6
"1131","1984-02-05",14.2
"1132","1984-02-06",15.5
"1133","1984-02-07",18
"1134","1984-02-08",15
"1135","1984-02-09",15.9
"1136","1984-02-10",15.5
"1137","1984-02-11",15.8
"1138","1984-02-12",16.6
"1139","1984-02-13",13.6
"1140","1984-02-14",13.8
"1141","1984-02-15",14.6
"1142","1984-02-16",15.6
"1143","1984-02-17",16.6
"1144","1984-02-18",14.3
"1145","1984-02-19",16.3
"1146","1984-02-20",18.9
"1147","1984-02-21",18.7
"1148","1984-02-22",14.5
"1149","1984-02-23",16.5
"1150","1984-02-24",14.1
"1151","1984-02-25",13.5
"1152","1984-02-26",11.7
"1153","1984-02-27",15.1
"1154","1984-02-28",11.2
"1155","1984-02-29",13.5
"1156","1984-03-01",12.6
"1157","1984-03-02",8.8
"1158","1984-03-03",10.5
"1159","1984-03-04",12.1
"1160","1984-03-05",14.5
"1161","1984-03-06",19.5
"1162","1984-03-07",14
"1163","1984-03-08",13.8
"1164","1984-03-09",10.5
"1165","1984-03-10",13.8
"1166","1984-03-11",11.4
"1167","1984-03-12",15.6
"1168","1984-03-13",11.1
"1169","1984-03-14",12.1
"1170","1984-03-15",14.2
"1171","1984-03-16",10.9
"1172","1984-03-17",14.2
"1173","1984-03-18",13.8
"1174","1984-03-19",15.1
"1175","1984-03-20",14
"1176","1984-03-21",12.1
"1177","1984-03-22",13.8
"1178","1984-03-23",16.6
"1179","1984-03-24",17.8
"1180","1984-03-25",9.4
"1181","1984-03-26",10.2
"1182","1984-03-27",7.4
"1183","1984-03-28",8.7
"1184","1984-03-29",14
"1185","1984-03-30",15.3
"1186","1984-03-31",11.1
"1187","1984-04-01",9.7
"1188","1984-04-02",10.3
"1189","1984-04-03",9.2
"1190","1984-04-04",8.2
"1191","1984-04-05",9.7
"1192","1984-04-06",12.4
"1193","1984-04-07",12.5
"1194","1984-04-08",9
"1195","1984-04-09",9.7
"1196","1984-04-10",10.1
"1197","1984-04-11",11.2
"1198","1984-04-12",12
"1199","1984-04-13",11.1
"1200","1984-04-14",10.8
"1201","1984-04-15",12.8
"1202","1984-04-16",9.8
"1203","1984-04-17",13.7
"1204","1984-04-18",11
"1205","1984-04-19",13.2
"1206","1984-04-20",13
"1207","1984-04-21",10.2
"1208","1984-04-22",13.2
"1209","1984-04-23",9.3
"1210","1984-04-24",11.1
"1211","1984-04-25",10.3
"1212","1984-04-26",8.7
"1213","1984-04-27",11.7
"1214","1984-04-28",12.5
"1215","1984-04-29",6.5
"1216","1984-04-30",9.6
"1217","1984-05-01",13.8
"1218","1984-05-02",14.7
"1219","1984-05-03",9.1
"1220","1984-05-04",4.8
"1221","1984-05-05",3.3
"1222","1984-05-06",3.5
"1223","1984-05-07",5.7
"1224","1984-05-08",5.5
"1225","1984-05-09",7
"1226","1984-05-10",9.5
"1227","1984-05-11",9.9
"1228","1984-05-12",4.9
"1229","1984-05-13",6.3
"1230","1984-05-14",4.8
"1231","1984-05-15",6.2
"1232","1984-05-16",7.1
"1233","1984-05-17",7.5
"1234","1984-05-18",9.4
"1235","1984-05-19",8.7
"1236","1984-05-20",9.5
"1237","1984-05-21",12.1
"1238","1984-05-22",9.5
"1239","1984-05-23",9.3
"1240","1984-05-24",8.5
"1241","1984-05-25",8
"1242","1984-05-26",9.8
"1243","1984-05-27",6.2
"1244","1984-05-28",7.3
"1245","1984-05-29",10.9
"1246","1984-05-30",10
"1247","1984-05-31",8.7
"1248","1984-06-01",9
"1249","1984-06-02",10.8
"1250","1984-06-03",12.4
"1251","1984-06-04",7.2
"1252","1984-06-05",7.2
"1253","1984-06-06",11.1
"1254","1984-06-07",9.3
"1255","1984-06-08",10.1
"1256","1984-06-09",3.9
"1257","1984-06-10",5
"1258","1984-06-11",8.2
"1259","1984-06-12",2.8
"1260","1984-06-13",4.3
"1261","1984-06-14",8.1
"1262","1984-06-15",11.1
"1263","1984-06-16",4.7
"1264","1984-06-17",5.3
"1265","1984-06-18",10
"1266","1984-06-19",5.6
"1267","1984-06-20",2.2
"1268","1984-06-21",7.1
"1269","1984-06-22",8.3
"1270","1984-06-23",8.6
"1271","1984-06-24",10.1
"1272","1984-06-25",8.3
"1273","1984-06-26",7.2
"1274","1984-06-27",7.7
"1275","1984-06-28",7.8
"1276","1984-06-29",9.1
"1277","1984-06-30",9.4
"1278","1984-07-01",7.8
"1279","1984-07-02",2.6
"1280","1984-07-03",2.4
"1281","1984-07-04",3.9
"1282","1984-07-05",1.3
"1283","1984-07-06",2.1
"1284","1984-07-07",7.4
"1285","1984-07-08",7.2
"1286","1984-07-09",8.8
"1287","1984-07-10",8.9
"1288","1984-07-11",8.8
"1289","1984-07-12",8
"1290","1984-07-13",0.7
"1291","1984-07-14",0.1
"1292","1984-07-15",0.9
"1293","1984-07-16",7.8
"1294","1984-07-17",7.2
"1295","1984-07-18",8
"1296","1984-07-19",4.6
"1297","1984-07-20",5.2
"1298","1984-07-21",5.8
"1299","1984-07-22",6.8
"1300","1984-07-23",8.1
"1301","1984-07-24",7.5
"1302","1984-07-25",5.4
"1303","1984-07-26",4.6
"1304","1984-07-27",6.4
"1305","1984-07-28",9.7
"1306","1984-07-29",7
"1307","1984-07-30",10
"1308","1984-07-31",10.6
"1309","1984-08-01",11.5
"1310","1984-08-02",10.2
"1311","1984-08-03",11.1
"1312","1984-08-04",11
"1313","1984-08-05",8.9
"1314","1984-08-06",9.9
"1315","1984-08-07",11.7
"1316","1984-08-08",11.6
"1317","1984-08-09",9
"1318","1984-08-10",6.3
"1319","1984-08-11",8.7
"1320","1984-08-12",8.5
"1321","1984-08-13",8.5
"1322","1984-08-14",8
"1323","1984-08-15",6
"1324","1984-08-16",8
"1325","1984-08-17",8.5
"1326","1984-08-18",7.7
"1327","1984-08-19",8.4
"1328","1984-08-20",9
"1329","1984-08-21",8.3
"1330","1984-08-22",6.8
"1331","1984-08-23",9.3
"1332","1984-08-24",6.7
"1333","1984-08-25",9
"1334","1984-08-26",7.3
"1335","1984-08-27",6.3
"1336","1984-08-28",7.9
"1337","1984-08-29",5.2
"1338","1984-08-30",9
"1339","1984-08-31",11.3
"1340","1984-09-01",9.2
"1341","1984-09-02",11.3
"1342","1984-09-03",7
"1343","1984-09-04",8
"1344","1984-09-05",4.6
"1345","1984-09-06",8.5
"1346","1984-09-07",9.5
"1347","1984-09-08",9.4
"1348","1984-09-09",10.5
"1349","1984-09-10",9.7
"1350","1984-09-11",4.9
"1351","1984-09-12",8
"1352","1984-09-13",5.8
"1353","1984-09-14",5.5
"1354","1984-09-15",10.9
"1355","1984-09-16",11.7
"1356","1984-09-17",9.2
"1357","1984-09-18",8.9
"1358","1984-09-19",11.3
"1359","1984-09-20",8.6
"1360","1984-09-21",6.2
"1361","1984-09-22",6.6
"1362","1984-09-23",9.1
"1363","1984-09-24",6.1
"1364","1984-09-25",7.5
"1365","1984-09-26",10.7
"1366","1984-09-27",6.3
"1367","1984-09-28",5.5
"1368","1984-09-29",6.7
"1369","1984-09-30",4.2
"1370","1984-10-01",11.3
"1371","1984-10-02",16.3
"1372","1984-10-03",10.5
"1373","1984-10-04",10.3
"1374","1984-10-05",7.9
"1375","1984-10-06",7.7
"1376","1984-10-07",16
"1377","1984-10-08",14.6
"1378","1984-10-09",12.5
"1379","1984-10-10",8.1
"1380","1984-10-11",12.2
"1381","1984-10-12",17.2
"1382","1984-10-13",9.4
"1383","1984-10-14",8.7
"1384","1984-10-15",5.9
"1385","1984-10-16",4.8
"1386","1984-10-17",7.4
"1387","1984-10-18",9.4
"1388","1984-10-19",9.7
"1389","1984-10-20",9.9
"1390","1984-10-21",6.5
"1391","1984-10-22",9.8
"1392","1984-10-23",18.2
"1393","1984-10-24",11.3
"1394","1984-10-25",9.1
"1395","1984-10-26",9.6
"1396","1984-10-27",13.5
"1397","1984-10-28",10.7
"1398","1984-10-29",10
"1399","1984-10-30",8.5
"1400","1984-10-31",12.6
"1401","1984-11-01",16.6
"1402","1984-11-02",11.6
"1403","1984-11-03",12.2
"1404","1984-11-04",11.2
"1405","1984-11-05",9.2
"1406","1984-11-06",9.9
"1407","1984-11-07",11.9
"1408","1984-11-08",15.6
"1409","1984-11-09",19
"1410","1984-11-10",12.8
"1411","1984-11-11",12.2
"1412","1984-11-12",12
"1413","1984-11-13",11.1
"1414","1984-11-14",11.8
"1415","1984-11-15",7.6
"1416","1984-11-16",13
"1417","1984-11-17",12.7
"1418","1984-11-18",16
"1419","1984-11-19",14.8
"1420","1984-11-20",14.2
"1421","1984-11-21",10
"1422","1984-11-22",8.8
"1423","1984-11-23",11.6
"1424","1984-11-24",8.6
"1425","1984-11-25",14.6
"1426","1984-11-26",24.3
"1427","1984-11-27",11.6
"1428","1984-11-28",10.8
"1429","1984-11-29",12
"1430","1984-11-30",11
"1431","1984-12-01",12.6
"1432","1984-12-02",10.8
"1433","1984-12-03",9.1
"1434","1984-12-04",11
"1435","1984-12-05",13
"1436","1984-12-06",12.8
"1437","1984-12-07",9.9
"1438","1984-12-08",11.6
"1439","1984-12-09",10.5
"1440","1984-12-10",15.9
"1441","1984-12-11",12.2
"1442","1984-12-12",13
"1443","1984-12-13",12.5
"1444","1984-12-14",12.5
"1445","1984-12-15",11.4
"1446","1984-12-16",12.1
"1447","1984-12-17",16.8
"1448","1984-12-18",12.1
"1449","1984-12-19",11.3
"1450","1984-12-20",10.4
"1451","1984-12-21",14.2
"1452","1984-12-22",11.4
"1453","1984-12-23",13.7
"1454","1984-12-24",16.5
"1455","1984-12-25",12.8
"1456","1984-12-26",12.2
"1457","1984-12-27",12
"1458","1984-12-28",12.6
"1459","1984-12-29",16
"1460","1984-12-30",16.4
"1461","1985-01-01",13.3
"1462","1985-01-02",15.2
"1463","1985-01-03",13.1
"1464","1985-01-04",12.7
"1465","1985-01-05",14.6
"1466","1985-01-06",11
"1467","1985-01-07",13.2
"1468","1985-01-08",12.2
"1469","1985-01-09",14.4
"1470","1985-01-10",13.7
"1471","1985-01-11",14.5
"1472","1985-01-12",14.1
"1473","1985-01-13",14.4
"1474","1985-01-14",19.7
"1475","1985-01-15",16.5
"1476","1985-01-16",15.9
"1477","1985-01-17",11.8
"1478","1985-01-18",12
"1479","1985-01-19",11.4
"1480","1985-01-20",14.4
"1481","1985-01-21",12.4
"1482","1985-01-22",15.1
"1483","1985-01-23",15.6
"1484","1985-01-24",15.2
"1485","1985-01-25",12.8
"1486","1985-01-26",13.3
"1487","1985-01-27",17.5
"1488","1985-01-28",15.4
"1489","1985-01-29",13.5
"1490","1985-01-30",16.7
"1491","1985-01-31",15.2
"1492","1985-02-01",14.9
"1493","1985-02-02",10.2
"1494","1985-02-03",13.6
"1495","1985-02-04",19
"1496","1985-02-05",15.7
"1497","1985-02-06",18
"1498","1985-02-07",14.8
"1499","1985-02-08",13.9
"1500","1985-02-09",13
"1501","1985-02-10",15.3
"1502","1985-02-11",14.3
"1503","1985-02-12",15.6
"1504","1985-02-13",16
"1505","1985-02-14",14.9
"1506","1985-02-15",11.1
"1507","1985-02-16",14.8
"1508","1985-02-17",13
"1509","1985-02-18",12.2
"1510","1985-02-19",10.9
"1511","1985-02-20",14.6
"1512","1985-02-21",16.6
"1513","1985-02-22",18.1
"1514","1985-02-23",13.4
"1515","1985-02-24",10.3
"1516","1985-02-25",13.6
"1517","1985-02-26",13.8
"1518","1985-02-27",10.3
"1519","1985-02-28",11
"1520","1985-03-01",14.3
"1521","1985-03-02",15.5
"1522","1985-03-03",14.7
"1523","1985-03-04",12.7
"1524","1985-03-05",10.7
"1525","1985-03-06",12.6
"1526","1985-03-07",9.8
"1527","1985-03-08",13.2
"1528","1985-03-09",15.2
"1529","1985-03-10",16.6
"1530","1985-03-11",21
"1531","1985-03-12",22.4
"1532","1985-03-13",17
"1533","1985-03-14",21.7
"1534","1985-03-15",21.4
"1535","1985-03-16",18.6
"1536","1985-03-17",16.2
"1537","1985-03-18",16.8
"1538","1985-03-19",17
"1539","1985-03-20",18.4
"1540","1985-03-21",17.2
"1541","1985-03-22",18.4
"1542","1985-03-23",18.8
"1543","1985-03-24",16.5
"1544","1985-03-25",13.3
"1545","1985-03-26",12.2
"1546","1985-03-27",11.3
"1547","1985-03-28",13.8
"1548","1985-03-29",16.6
"1549","1985-03-30",14
"1550","1985-03-31",14.3
"1551","1985-04-01",16.4
"1552","1985-04-02",11.9
"1553","1985-04-03",15.7
"1554","1985-04-04",17.6
"1555","1985-04-05",17.5
"1556","1985-04-06",15.9
"1557","1985-04-07",16.2
"1558","1985-04-08",16
"1559","1985-04-09",15.9
"1560","1985-04-10",16.2
"1561","1985-04-11",16.2
"1562","1985-04-12",19.5
"1563","1985-04-13",18.2
"1564","1985-04-14",21.8
"1565","1985-04-15",15.1
"1566","1985-04-16",11
"1567","1985-04-17",8.1
"1568","1985-04-18",9.5
"1569","1985-04-19",9.3
"1570","1985-04-20",10.6
"1571","1985-04-21",6.3
"1572","1985-04-22",8.6
"1573","1985-04-23",6.8
"1574","1985-04-24",8.7
"1575","1985-04-25",8.4
"1576","1985-04-26",9.3
"1577","1985-04-27",10
"1578","1985-04-28",10.5
"1579","1985-04-29",12
"1580","1985-04-30",10.1
"1581","1985-05-01",9.4
"1582","1985-05-02",10.1
"1583","1985-05-03",8
"1584","1985-05-04",10.6
"1585","1985-05-05",13.6
"1586","1985-05-06",15.4
"1587","1985-05-07",9
"1588","1985-05-08",10.4
"1589","1985-05-09",11
"1590","1985-05-10",12.1
"1591","1985-05-11",13.4
"1592","1985-05-12",11.3
"1593","1985-05-13",6.7
"1594","1985-05-14",9.8
"1595","1985-05-15",10.8
"1596","1985-05-16",7.8
"1597","1985-05-17",4.5
"1598","1985-05-18",7.6
"1599","1985-05-19",6.9
"1600","1985-05-20",7.5
"1601","1985-05-21",8.5
"1602","1985-05-22",5.5
"1603","1985-05-23",9.5
"1604","1985-05-24",7.3
"1605","1985-05-25",5.4
"1606","1985-05-26",5.5
"1607","1985-05-27",8.1
"1608","1985-05-28",11.2
"1609","1985-05-29",13.4
"1610","1985-05-30",11.6
"1611","1985-05-31",10.1
"1612","1985-06-01",4.3
"1613","1985-06-02",5.5
"1614","1985-06-03",4.4
"1615","1985-06-04",5.9
"1616","1985-06-05",5.7
"1617","1985-06-06",8.2
"1618","1985-06-07",8.2
"1619","1985-06-08",4.2
"1620","1985-06-09",6.5
"1621","1985-06-10",10
"1622","1985-06-11",8.8
"1623","1985-06-12",6.6
"1624","1985-06-13",7.8
"1625","1985-06-14",10.1
"1626","1985-06-15",7.1
"1627","1985-06-16",7.7
"1628","1985-06-17",8.5
"1629","1985-06-18",7.3
"1630","1985-06-19",6.9
"1631","1985-06-20",8.4
"1632","1985-06-21",7.1
"1633","1985-06-22",6.3
"1634","1985-06-23",0.6
"1635","1985-06-24",1.6
"1636","1985-06-25",7
"1637","1985-06-26",8.3
"1638","1985-06-27",8
"1639","1985-06-28",10.2
"1640","1985-06-29",10.6
"1641","1985-06-30",10.4
"1642","1985-07-01",11.6
"1643","1985-07-02",11
"1644","1985-07-03",10.7
"1645","1985-07-04",7.3
"1646","1985-07-05",4.2
"1647","1985-07-06",4.7
"1648","1985-07-07",5.6
"1649","1985-07-08",7.7
"1650","1985-07-09",7.5
"1651","1985-07-10",4.9
"1652","1985-07-11",5.9
"1653","1985-07-12",7.8
"1654","1985-07-13",5.8
"1655","1985-07-14",7
"1656","1985-07-15",8.4
"1657","1985-07-16",6.2
"1658","1985-07-17",7.5
"1659","1985-07-18",4.8
"1660","1985-07-19",3.3
"1661","1985-07-20",3.2
"1662","1985-07-21",7
"1663","1985-07-22",8.4
"1664","1985-07-23",0.3
"1665","1985-07-24",0.3
"1666","1985-07-25",2.1
"1667","1985-07-26",8.5
"1668","1985-07-27",1.4
"1669","1985-07-28",4.1
"1670","1985-07-29",10.3
"1671","1985-07-30",6.6
"1672","1985-07-31",6.1
"1673","1985-08-01",7
"1674","1985-08-02",5.1
"1675","1985-08-03",6.3
"1676","1985-08-04",6.9
"1677","1985-08-05",11.4
"1678","1985-08-06",10.4
"1679","1985-08-07",10.3
"1680","1985-08-08",9.2
"1681","1985-08-09",7.2
"1682","1985-08-10",7.5
"1683","1985-08-11",4
"1684","1985-08-12",5.6
"1685","1985-08-13",6.7
"1686","1985-08-14",8.4
"1687","1985-08-15",11
"1688","1985-08-16",8.4
"1689","1985-08-17",8.8
"1690","1985-08-18",8.6
"1691","1985-08-19",8.3
"1692","1985-08-20",4
"1693","1985-08-21",3.6
"1694","1985-08-22",5.7
"1695","1985-08-23",10.6
"1696","1985-08-24",6.9
"1697","1985-08-25",10
"1698","1985-08-26",9.8
"1699","1985-08-27",7.2
"1700","1985-08-28",10.5
"1701","1985-08-29",3.6
"1702","1985-08-30",5.3
"1703","1985-08-31",8.4
"1704","1985-09-01",10.3
"1705","1985-09-02",7.9
"1706","1985-09-03",8.5
"1707","1985-09-04",7.9
"1708","1985-09-05",8
"1709","1985-09-06",9.8
"1710","1985-09-07",6.7
"1711","1985-09-08",4.8
"1712","1985-09-09",9.9
"1713","1985-09-10",12.8
"1714","1985-09-11",10.9
"1715","1985-09-12",11.7
"1716","1985-09-13",11.7
"1717","1985-09-14",11
"1718","1985-09-15",8.2
"1719","1985-09-16",7.5
"1720","1985-09-17",5.4
"1721","1985-09-18",7.2
"1722","1985-09-19",9.7
"1723","1985-09-20",8.4
"1724","1985-09-21",9
"1725","1985-09-22",8.7
"1726","1985-09-23",6.6
"1727","1985-09-24",11.6
"1728","1985-09-25",13.1
"1729","1985-09-26",6.7
"1730","1985-09-27",6.5
"1731","1985-09-28",7.7
"1732","1985-09-29",8.7
"1733","1985-09-30",7.2
"1734","1985-10-01",10.5
"1735","1985-10-02",8.6
"1736","1985-10-03",7.2
"1737","1985-10-04",11.4
"1738","1985-10-05",16.2
"1739","1985-10-06",6.1
"1740","1985-10-07",9.6
"1741","1985-10-08",11.1
"1742","1985-10-09",13.6
"1743","1985-10-10",10.7
"1744","1985-10-11",14.7
"1745","1985-10-12",11.6
"1746","1985-10-13",7.3
"1747","1985-10-14",8
"1748","1985-10-15",9.6
"1749","1985-10-16",16
"1750","1985-10-17",15.1
"1751","1985-10-18",12.8
"1752","1985-10-19",6.2
"1753","1985-10-20",7.1
"1754","1985-10-21",8.4
"1755","1985-10-22",10
"1756","1985-10-23",12.7
"1757","1985-10-24",10
"1758","1985-10-25",10.2
"1759","1985-10-26",6.5
"1760","1985-10-27",9.2
"1761","1985-10-28",11.9
"1762","1985-10-29",14.7
"1763","1985-10-30",11.4
"1764","1985-10-31",6.8
"1765","1985-11-01",7.4
"1766","1985-11-02",11.2
"1767","1985-11-03",9.2
"1768","1985-11-04",12.6
"1769","1985-11-05",16
"1770","1985-11-06",17.1
"1771","1985-11-07",15.3
"1772","1985-11-08",13.3
"1773","1985-11-09",15.4
"1774","1985-11-10",13.2
"1775","1985-11-11",14.4
"1776","1985-11-12",14
"1777","1985-11-13",15.5
"1778","1985-11-14",21
"1779","1985-11-15",10
"1780","1985-11-16",9.6
"1781","1985-11-17",12
"1782","1985-11-18",12.2
"1783","1985-11-19",11.3
"1784","1985-11-20",13.2
"1785","1985-11-21",10.5
"1786","1985-11-22",10.1
"1787","1985-11-23",8.8
"1788","1985-11-24",13.7
"1789","1985-11-25",16.2
"1790","1985-11-26",16
"1791","1985-11-27",14
"1792","1985-11-28",13.7
"1793","1985-11-29",12.5
"1794","1985-11-30",12.8
"1795","1985-12-01",12.3
"1796","1985-12-02",15.2
"1797","1985-12-03",15
"1798","1985-12-04",16.4
"1799","1985-12-05",16.1
"1800","1985-12-06",14.6
"1801","1985-12-07",18.2
"1802","1985-12-08",16.4
"1803","1985-12-09",16.6
"1804","1985-12-10",14.7
"1805","1985-12-11",15.8
"1806","1985-12-12",14.1
"1807","1985-12-13",13.5
"1808","1985-12-14",13.6
"1809","1985-12-15",13.7
"1810","1985-12-16",13.6
"1811","1985-12-17",12.1
"1812","1985-12-18",12.7
"1813","1985-12-19",13.3
"1814","1985-12-20",14.2
"1815","1985-12-21",15
"1816","1985-12-22",13.7
"1817","1985-12-23",12
"1818","1985-12-24",13.1
"1819","1985-12-25",13.2
"1820","1985-12-26",13.3
"1821","1985-12-27",11.5
"1822","1985-12-28",10.8
"1823","1985-12-29",12
"1824","1985-12-30",16.3
"1825","1985-12-31",14.4
"1826","1986-01-01",12.9
"1827","1986-01-02",13.8
"1828","1986-01-03",10.6
"1829","1986-01-04",12.6
"1830","1986-01-05",13.7
"1831","1986-01-06",12.6
"1832","1986-01-07",13.1
"1833","1986-01-08",15.4
"1834","1986-01-09",11.9
"1835","1986-01-10",13.8
"1836","1986-01-11",14.4
"1837","1986-01-12",15.2
"1838","1986-01-13",12.5
"1839","1986-01-14",12.2
"1840","1986-01-15",16.1
"1841","1986-01-16",14.6
"1842","1986-01-17",11.6
"1843","1986-01-18",13.1
"1844","1986-01-19",12.8
"1845","1986-01-20",15.2
"1846","1986-01-21",13.8
"1847","1986-01-22",15
"1848","1986-01-23",13.5
"1849","1986-01-24",11.8
"1850","1986-01-25",15.3
"1851","1986-01-26",13.5
"1852","1986-01-27",15.3
"1853","1986-01-28",13.8
"1854","1986-01-29",15.8
"1855","1986-01-30",17.4
"1856","1986-01-31",15.3
"1857","1986-02-01",14.6
"1858","1986-02-02",14.8
"1859","1986-02-03",10.7
"1860","1986-02-04",11.6
"1861","1986-02-05",13.6
"1862","1986-02-06",14.4
"1863","1986-02-07",11.8
"1864","1986-02-08",15.8
"1865","1986-02-09",16
"1866","1986-02-10",11.8
"1867","1986-02-11",14.5
"1868","1986-02-12",10.7
"1869","1986-02-13",14.2
"1870","1986-02-14",19.5
"1871","1986-02-15",21.4
"1872","1986-02-16",17.9
"1873","1986-02-17",17.4
"1874","1986-02-18",12.7
"1875","1986-02-19",13.8
"1876","1986-02-20",14
"1877","1986-02-21",15
"1878","1986-02-22",14.5
"1879","1986-02-23",13.1
"1880","1986-02-24",11.4
"1881","1986-02-25",12.5
"1882","1986-02-26",12
"1883","1986-02-27",13.4
"1884","1986-02-28",14.4
"1885","1986-03-01",17.7
"1886","1986-03-02",13.9
"1887","1986-03-03",13.3
"1888","1986-03-04",14.6
"1889","1986-03-05",16.4
"1890","1986-03-06",16.8
"1891","1986-03-07",20
"1892","1986-03-08",12.5
"1893","1986-03-09",12.7
"1894","1986-03-10",11.7
"1895","1986-03-11",12.7
"1896","1986-03-12",8.6
"1897","1986-03-13",11.9
"1898","1986-03-14",16
"1899","1986-03-15",15.2
"1900","1986-03-16",13.4
"1901","1986-03-17",11.6
"1902","1986-03-18",11.1
"1903","1986-03-19",15.6
"1904","1986-03-20",17
"1905","1986-03-21",18.5
"1906","1986-03-22",17.4
"1907","1986-03-23",16.5
"1908","1986-03-24",16.2
"1909","1986-03-25",16.1
"1910","1986-03-26",13.2
"1911","1986-03-27",18
"1912","1986-03-28",12.8
"1913","1986-03-29",11.7
"1914","1986-03-30",16.7
"1915","1986-03-31",15.6
"1916","1986-04-01",10.2
"1917","1986-04-02",10.3
"1918","1986-04-03",15
"1919","1986-04-04",18
"1920","1986-04-05",13.8
"1921","1986-04-06",10.5
"1922","1986-04-07",11.8
"1923","1986-04-08",7.2
"1924","1986-04-09",11.6
"1925","1986-04-10",7.4
"1926","1986-04-11",14.2
"1927","1986-04-12",12.2
"1928","1986-04-13",9
"1929","1986-04-14",12.3
"1930","1986-04-15",19.7
"1931","1986-04-16",12.8
"1932","1986-04-17",12.4
"1933","1986-04-18",12
"1934","1986-04-19",12
"1935","1986-04-20",11.1
"1936","1986-04-21",12.7
"1937","1986-04-22",14.2
"1938","1986-04-23",11.6
"1939","1986-04-24",12
"1940","1986-04-25",11.5
"1941","1986-04-26",8.3
"1942","1986-04-27",10.5
"1943","1986-04-28",9
"1944","1986-04-29",6.9
"1945","1986-04-30",9.4
"1946","1986-05-01",11.1
"1947","1986-05-02",9.1
"1948","1986-05-03",7.7
"1949","1986-05-04",10
"1950","1986-05-05",10.4
"1951","1986-05-06",8
"1952","1986-05-07",9.8
"1953","1986-05-08",12.4
"1954","1986-05-09",12.9
"1955","1986-05-10",12.3
"1956","1986-05-11",6.9
"1957","1986-05-12",10.5
"1958","1986-05-13",11
"1959","1986-05-14",9.7
"1960","1986-05-15",11.1
"1961","1986-05-16",11.5
"1962","1986-05-17",13.4
"1963","1986-05-18",10.9
"1964","1986-05-19",12
"1965","1986-05-20",12.1
"1966","1986-05-21",10.4
"1967","1986-05-22",10
"1968","1986-05-23",9.6
"1969","1986-05-24",11.3
"1970","1986-05-25",8.5
"1971","1986-05-26",6.3
"1972","1986-05-27",8.2
"1973","1986-05-28",10.7
"1974","1986-05-29",10.3
"1975","1986-05-30",9.5
"1976","1986-05-31",10.9
"1977","1986-06-01",10.9
"1978","1986-06-02",4.3
"1979","1986-06-03",5.2
"1980","1986-06-04",11
"1981","1986-06-05",11.6
"1982","1986-06-06",10.6
"1983","1986-06-07",9.4
"1984","1986-06-08",10
"1985","1986-06-09",9.6
"1986","1986-06-10",9.5
"1987","1986-06-11",9.7
"1988","1986-06-12",9.6
"1989","1986-06-13",7
"1990","1986-06-14",7
"1991","1986-06-15",6.8
"1992","1986-06-16",6.9
"1993","1986-06-17",8
"1994","1986-06-18",7.6
"1995","1986-06-19",8.6
"1996","1986-06-20",5.7
"1997","1986-06-21",5.5
"1998","1986-06-22",5.7
"1999","1986-06-23",5.7
"2000","1986-06-24",6.6
"2001","1986-06-25",6
"2002","1986-06-26",6.9
"2003","1986-06-27",7.7
"2004","1986-06-28",8
"2005","1986-06-29",3.9
"2006","1986-06-30",0.8
"2007","1986-07-01",2.8
"2008","1986-07-02",8
"2009","1986-07-03",9.8
"2010","1986-07-04",11.4
"2011","1986-07-05",8.6
"2012","1986-07-06",5.2
"2013","1986-07-07",6.6
"2014","1986-07-08",5.7
"2015","1986-07-09",4.6
"2016","1986-07-10",5.8
"2017","1986-07-11",7
"2018","1986-07-12",4.8
"2019","1986-07-13",4.4
"2020","1986-07-14",4.4
"2021","1986-07-15",7.9
"2022","1986-07-16",10.6
"2023","1986-07-17",5
"2024","1986-07-18",7.6
"2025","1986-07-19",9.2
"2026","1986-07-20",9.7
"2027","1986-07-21",8.8
"2028","1986-07-22",6.8
"2029","1986-07-23",9.4
"2030","1986-07-24",11
"2031","1986-07-25",2.5
"2032","1986-07-26",2.1
"2033","1986-07-27",5.4
"2034","1986-07-28",6.2
"2035","1986-07-29",7.8
"2036","1986-07-30",7.4
"2037","1986-07-31",9.3
"2038","1986-08-01",9.3
"2039","1986-08-02",9.5
"2040","1986-08-03",8.5
"2041","1986-08-04",10
"2042","1986-08-05",7.7
"2043","1986-08-06",9.3
"2044","1986-08-07",9.1
"2045","1986-08-08",3.5
"2046","1986-08-09",3.6
"2047","1986-08-10",2.5
"2048","1986-08-11",1.7
"2049","1986-08-12",2.7
"2050","1986-08-13",2.9
"2051","1986-08-14",5.3
"2052","1986-08-15",7.7
"2053","1986-08-16",9.1
"2054","1986-08-17",9.4
"2055","1986-08-18",7.3
"2056","1986-08-19",8.4
"2057","1986-08-20",9.2
"2058","1986-08-21",6.6
"2059","1986-08-22",9.7
"2060","1986-08-23",12.4
"2061","1986-08-24",10.2
"2062","1986-08-25",5.9
"2063","1986-08-26",7.1
"2064","1986-08-27",7.5
"2065","1986-08-28",9.7
"2066","1986-08-29",12.2
"2067","1986-08-30",5.6
"2068","1986-08-31",5.4
"2069","1986-09-01",8.3
"2070","1986-09-02",10.6
"2071","1986-09-03",9.1
"2072","1986-09-04",11.3
"2073","1986-09-05",10.9
"2074","1986-09-06",8.9
"2075","1986-09-07",6.3
"2076","1986-09-08",9
"2077","1986-09-09",6.1
"2078","1986-09-10",9.1
"2079","1986-09-11",9.6
"2080","1986-09-12",6
"2081","1986-09-13",10
"2082","1986-09-14",11
"2083","1986-09-15",6.2
"2084","1986-09-16",8.3
"2085","1986-09-17",11.3
"2086","1986-09-18",11.3
"2087","1986-09-19",6.7
"2088","1986-09-20",6.6
"2089","1986-09-21",11.4
"2090","1986-09-22",6.9
"2091","1986-09-23",10.6
"2092","1986-09-24",8.6
"2093","1986-09-25",11.3
"2094","1986-09-26",12.5
"2095","1986-09-27",9.9
"2096","1986-09-28",6.9
"2097","1986-09-29",5.5
"2098","1986-09-30",7.8
"2099","1986-10-01",11
"2100","1986-10-02",16.2
"2101","1986-10-03",9.9
"2102","1986-10-04",8.7
"2103","1986-10-05",10.5
"2104","1986-10-06",12.2
"2105","1986-10-07",10.6
"2106","1986-10-08",8.3
"2107","1986-10-09",5.5
"2108","1986-10-10",9
"2109","1986-10-11",6.4
"2110","1986-10-12",7.2
"2111","1986-10-13",12.9
"2112","1986-10-14",12
"2113","1986-10-15",7.3
"2114","1986-10-16",9.7
"2115","1986-10-17",8.4
"2116","1986-10-18",14.7
"2117","1986-10-19",9.5
"2118","1986-10-20",7.9
"2119","1986-10-21",6.8
"2120","1986-10-22",12.6
"2121","1986-10-23",5.2
"2122","1986-10-24",7.5
"2123","1986-10-25",8.7
"2124","1986-10-26",7.6
"2125","1986-10-27",9
"2126","1986-10-28",7.2
"2127","1986-10-29",10.7
"2128","1986-10-30",13.1
"2129","1986-10-31",13.9
"2130","1986-11-01",10.8
"2131","1986-11-02",10.4
"2132","1986-11-03",9.1
"2133","1986-11-04",16
"2134","1986-11-05",21
"2135","1986-11-06",16.2
"2136","1986-11-07",8.6
"2137","1986-11-08",9.2
"2138","1986-11-09",12.5
"2139","1986-11-10",9.7
"2140","1986-11-11",12.5
"2141","1986-11-12",10.3
"2142","1986-11-13",12
"2143","1986-11-14",11
"2144","1986-11-15",14.8
"2145","1986-11-16",15
"2146","1986-11-17",15.3
"2147","1986-11-18",10.3
"2148","1986-11-19",10.7
"2149","1986-11-20",10.5
"2150","1986-11-21",8.9
"2151","1986-11-22",8.1
"2152","1986-11-23",11.5
"2153","1986-11-24",12.8
"2154","1986-11-25",9.1
"2155","1986-11-26",14.6
"2156","1986-11-27",11.6
"2157","1986-11-28",11.2
"2158","1986-11-29",12.6
"2159","1986-11-30",7.5
"2160","1986-12-01",11
"2161","1986-12-02",14.5
"2162","1986-12-03",18.5
"2163","1986-12-04",15.4
"2164","1986-12-05",13.1
"2165","1986-12-06",16.3
"2166","1986-12-07",20.2
"2167","1986-12-08",11.5
"2168","1986-12-09",12.4
"2169","1986-12-10",10.9
"2170","1986-12-11",12.7
"2171","1986-12-12",12.2
"2172","1986-12-13",12.4
"2173","1986-12-14",9.8
"2174","1986-12-15",8.5
"2175","1986-12-16",14.7
"2176","1986-12-17",12
"2177","1986-12-18",10.3
"2178","1986-12-19",11
"2179","1986-12-20",10.2
"2180","1986-12-21",12.6
"2181","1986-12-22",11.6
"2182","1986-12-23",9.7
"2183","1986-12-24",13.4
"2184","1986-12-25",10.5
"2185","1986-12-26",14.7
"2186","1986-12-27",14.6
"2187","1986-12-28",14.2
"2188","1986-12-29",13.2
"2189","1986-12-30",11.7
"2190","1986-12-31",17.2
"2191","1987-01-01",12.3
"2192","1987-01-02",13.8
"2193","1987-01-03",15.3
"2194","1987-01-04",15.6
"2195","1987-01-05",16.2
"2196","1987-01-06",16.3
"2197","1987-01-07",16.8
"2198","1987-01-08",11
"2199","1987-01-09",8.5
"2200","1987-01-10",13.2
"2201","1987-01-11",13
"2202","1987-01-12",12.4
"2203","1987-01-13",13
"2204","1987-01-14",16.6
"2205","1987-01-15",12
"2206","1987-01-16",12.4
"2207","1987-01-17",15
"2208","1987-01-18",11.8
"2209","1987-01-19",11.6
"2210","1987-01-20",12.2
"2211","1987-01-21",13.7
"2212","1987-01-22",11.2
"2213","1987-01-23",12.4
"2214","1987-01-24",11.5
"2215","1987-01-25",13.8
"2216","1987-01-26",15.7
"2217","1987-01-27",12.9
"2218","1987-01-28",11.5
"2219","1987-01-29",11
"2220","1987-01-30",12.7
"2221","1987-01-31",14.9
"2222","1987-02-01",16.5
"2223","1987-02-02",12.8
"2224","1987-02-03",12.7
"2225","1987-02-04",12.7
"2226","1987-02-05",11.6
"2227","1987-02-06",13.3
"2228","1987-02-07",15.2
"2229","1987-02-08",16.4
"2230","1987-02-09",11.9
"2231","1987-02-10",15.1
"2232","1987-02-11",10.6
"2233","1987-02-12",13.6
"2234","1987-02-13",12.1
"2235","1987-02-14",16
"2236","1987-02-15",16.8
"2237","1987-02-16",16.6
"2238","1987-02-17",15.6
"2239","1987-02-18",15.2
"2240","1987-02-19",17.7
"2241","1987-02-20",21
"2242","1987-02-21",13.4
"2243","1987-02-22",10.5
"2244","1987-02-23",9.5
"2245","1987-02-24",12
"2246","1987-02-25",10.4
"2247","1987-02-26",11.5
"2248","1987-02-27",13.2
"2249","1987-02-28",15
"2250","1987-03-01",14.1
"2251","1987-03-02",12.4
"2252","1987-03-03",13.4
"2253","1987-03-04",12.5
"2254","1987-03-05",14.3
"2255","1987-03-06",17.6
"2256","1987-03-07",10.4
"2257","1987-03-08",9.9
"2258","1987-03-09",10.2
"2259","1987-03-10",11.3
"2260","1987-03-11",9.5
"2261","1987-03-12",11.8
"2262","1987-03-13",11.5
"2263","1987-03-14",10.5
"2264","1987-03-15",10.8
"2265","1987-03-16",13
"2266","1987-03-17",18.5
"2267","1987-03-18",18.7
"2268","1987-03-19",15
"2269","1987-03-20",13
"2270","1987-03-21",11.3
"2271","1987-03-22",13
"2272","1987-03-23",13.3
"2273","1987-03-24",11
"2274","1987-03-25",10.3
"2275","1987-03-26",13
"2276","1987-03-27",12.3
"2277","1987-03-28",15.6
"2278","1987-03-29",10.2
"2279","1987-03-30",10.8
"2280","1987-03-31",12
"2281","1987-04-01",13.3
"2282","1987-04-02",11.7
"2283","1987-04-03",12.5
"2284","1987-04-04",13.7
"2285","1987-04-05",14.9
"2286","1987-04-06",20.2
"2287","1987-04-07",16.3
"2288","1987-04-08",13.9
"2289","1987-04-09",10.1
"2290","1987-04-10",7.3
"2291","1987-04-11",14
"2292","1987-04-12",17.7
"2293","1987-04-13",16.3
"2294","1987-04-14",10.6
"2295","1987-04-15",9.7
"2296","1987-04-16",7.8
"2297","1987-04-17",10.4
"2298","1987-04-18",10.4
"2299","1987-04-19",14.1
"2300","1987-04-20",7.1
"2301","1987-04-21",8.1
"2302","1987-04-22",7.8
"2303","1987-04-23",10.6
"2304","1987-04-24",9.1
"2305","1987-04-25",9
"2306","1987-04-26",11.9
"2307","1987-04-27",17.1
"2308","1987-04-28",16.8
"2309","1987-04-29",13.5
"2310","1987-04-30",11.6
"2311","1987-05-01",7
"2312","1987-05-02",9.7
"2313","1987-05-03",9.9
"2314","1987-05-04",11.2
"2315","1987-05-05",11.3
"2316","1987-05-06",11.8
"2317","1987-05-07",9.9
"2318","1987-05-08",7.1
"2319","1987-05-09",9.6
"2320","1987-05-10",9.8
"2321","1987-05-11",10.6
"2322","1987-05-12",12.8
"2323","1987-05-13",16.5
"2324","1987-05-14",11.7
"2325","1987-05-15",12.3
"2326","1987-05-16",12.2
"2327","1987-05-17",11.8
"2328","1987-05-18",10.7
"2329","1987-05-19",10.2
"2330","1987-05-20",10
"2331","1987-05-21",8.3
"2332","1987-05-22",6.6
"2333","1987-05-23",9.5
"2334","1987-05-24",12.3
"2335","1987-05-25",7.6
"2336","1987-05-26",9.3
"2337","1987-05-27",5
"2338","1987-05-28",4.3
"2339","1987-05-29",6.4
"2340","1987-05-30",10.8
"2341","1987-05-31",7.8
"2342","1987-06-01",8.5
"2343","1987-06-02",9.7
"2344","1987-06-03",10
"2345","1987-06-04",11
"2346","1987-06-05",10.2
"2347","1987-06-06",6.6
"2348","1987-06-07",6.1
"2349","1987-06-08",5.9
"2350","1987-06-09",8.9
"2351","1987-06-10",13
"2352","1987-06-11",12.6
"2353","1987-06-12",5.4
"2354","1987-06-13",6
"2355","1987-06-14",7.8
"2356","1987-06-15",9
"2357","1987-06-16",4.2
"2358","1987-06-17",3
"2359","1987-06-18",4.5
"2360","1987-06-19",6.2
"2361","1987-06-20",11.9
"2362","1987-06-21",11.8
"2363","1987-06-22",9.4
"2364","1987-06-23",9.6
"2365","1987-06-24",9.4
"2366","1987-06-25",7
"2367","1987-06-26",8.9
"2368","1987-06-27",9.3
"2369","1987-06-28",6.8
"2370","1987-06-29",7.5
"2371","1987-06-30",8
"2372","1987-07-01",8.3
"2373","1987-07-02",2.7
"2374","1987-07-03",3.9
"2375","1987-07-04",4.1
"2376","1987-07-05",5
"2377","1987-07-06",5.8
"2378","1987-07-07",4.4
"2379","1987-07-08",4.1
"2380","1987-07-09",5.8
"2381","1987-07-10",9.1
"2382","1987-07-11",7.9
"2383","1987-07-12",5
"2384","1987-07-13",2.8
"2385","1987-07-14",4.7
"2386","1987-07-15",8.9
"2387","1987-07-16",5.4
"2388","1987-07-17",7.1
"2389","1987-07-18",9
"2390","1987-07-19",9.4
"2391","1987-07-20",6.3
"2392","1987-07-21",7
"2393","1987-07-22",6.4
"2394","1987-07-23",6.7
"2395","1987-07-24",1.5
"2396","1987-07-25",2.9
"2397","1987-07-26",4.8
"2398","1987-07-27",6.3
"2399","1987-07-28",5.7
"2400","1987-07-29",7
"2401","1987-07-30",8.8
"2402","1987-07-31",8.7
"2403","1987-08-01",9
"2404","1987-08-02",9.6
"2405","1987-08-03",8
"2406","1987-08-04",8.4
"2407","1987-08-05",8.1
"2408","1987-08-06",9
"2409","1987-08-07",5.3
"2410","1987-08-08",8.9
"2411","1987-08-09",8.7
"2412","1987-08-10",4.9
"2413","1987-08-11",7
"2414","1987-08-12",7.5
"2415","1987-08-13",7
"2416","1987-08-14",9.1
"2417","1987-08-15",11.8
"2418","1987-08-16",9.9
"2419","1987-08-17",5.6
"2420","1987-08-18",4.2
"2421","1987-08-19",4.3
"2422","1987-08-20",8
"2423","1987-08-21",5.1
"2424","1987-08-22",9.4
"2425","1987-08-23",9.1
"2426","1987-08-24",9.7
"2427","1987-08-25",10.6
"2428","1987-08-26",8.6
"2429","1987-08-27",10.1
"2430","1987-08-28",11
"2431","1987-08-29",9.7
"2432","1987-08-30",5
"2433","1987-08-31",6.1
"2434","1987-09-01",5.4
"2435","1987-09-02",5.8
"2436","1987-09-03",7.3
"2437","1987-09-04",6.3
"2438","1987-09-05",4.8
"2439","1987-09-06",7.6
"2440","1987-09-07",8.1
"2441","1987-09-08",9.5
"2442","1987-09-09",10.3
"2443","1987-09-10",7
"2444","1987-09-11",9
"2445","1987-09-12",10.2
"2446","1987-09-13",6.8
"2447","1987-09-14",9.3
"2448","1987-09-15",9.8
"2449","1987-09-16",10.7
"2450","1987-09-17",7.8
"2451","1987-09-18",9.2
"2452","1987-09-19",15
"2453","1987-09-20",7.8
"2454","1987-09-21",5.3
"2455","1987-09-22",9.5
"2456","1987-09-23",7.6
"2457","1987-09-24",14
"2458","1987-09-25",14.9
"2459","1987-09-26",14.9
"2460","1987-09-27",19.2
"2461","1987-09-28",17
"2462","1987-09-29",13
"2463","1987-09-30",11.2
"2464","1987-10-01",9.5
"2465","1987-10-02",10.3
"2466","1987-10-03",9.3
"2467","1987-10-04",11.3
"2468","1987-10-05",6.5
"2469","1987-10-06",12
"2470","1987-10-07",8.3
"2471","1987-10-08",8.7
"2472","1987-10-09",8.7
"2473","1987-10-10",10.2
"2474","1987-10-11",6.9
"2475","1987-10-12",4.9
"2476","1987-10-13",10
"2477","1987-10-14",7.6
"2478","1987-10-15",14.5
"2479","1987-10-16",13.2
"2480","1987-10-17",9.9
"2481","1987-10-18",10.1
"2482","1987-10-19",11.3
"2483","1987-10-20",10.4
"2484","1987-10-21",10.9
"2485","1987-10-22",9.2
"2486","1987-10-23",10.5
"2487","1987-10-24",11.4
"2488","1987-10-25",13.5
"2489","1987-10-26",9.8
"2490","1987-10-27",13.1
"2491","1987-10-28",9.7
"2492","1987-10-29",11.4
"2493","1987-10-30",9.9
"2494","1987-10-31",14.4
"2495","1987-11-01",19
"2496","1987-11-02",23
"2497","1987-11-03",15.4
"2498","1987-11-04",9.6
"2499","1987-11-05",10.8
"2500","1987-11-06",12.1
"2501","1987-11-07",11
"2502","1987-11-08",12.6
"2503","1987-11-09",14.7
"2504","1987-11-10",11.1
"2505","1987-11-11",10.1
"2506","1987-11-12",11.4
"2507","1987-11-13",13
"2508","1987-11-14",11.9
"2509","1987-11-15",9.5
"2510","1987-11-16",13.5
"2511","1987-11-17",15.2
"2512","1987-11-18",18.4
"2513","1987-11-19",24.1
"2514","1987-11-20",14.1
"2515","1987-11-21",10.7
"2516","1987-11-22",8.7
"2517","1987-11-23",13.3
"2518","1987-11-24",11.6
"2519","1987-11-25",9.9
"2520","1987-11-26",10.8
"2521","1987-11-27",11.5
"2522","1987-11-28",10
"2523","1987-11-29",13.9
"2524","1987-11-30",13.6
"2525","1987-12-01",11.9
"2526","1987-12-02",11.1
"2527","1987-12-03",8.2
"2528","1987-12-04",9.4
"2529","1987-12-05",12.7
"2530","1987-12-06",11.6
"2531","1987-12-07",11
"2532","1987-12-08",11.3
"2533","1987-12-09",13.4
"2534","1987-12-10",14.9
"2535","1987-12-11",15.2
"2536","1987-12-12",13.9
"2537","1987-12-13",15
"2538","1987-12-14",16.2
"2539","1987-12-15",17.7
"2540","1987-12-16",20.5
"2541","1987-12-17",14.7
"2542","1987-12-18",12.5
"2543","1987-12-19",10.9
"2544","1987-12-20",12.8
"2545","1987-12-21",12.7
"2546","1987-12-22",11.2
"2547","1987-12-23",11.4
"2548","1987-12-24",11.2
"2549","1987-12-25",12.1
"2550","1987-12-26",12.7
"2551","1987-12-27",16.2
"2552","1987-12-28",14.2
"2553","1987-12-29",14.3
"2554","1987-12-30",13.3
"2555","1987-12-31",16.7
"2556","1988-01-01",15.3
"2557","1988-01-02",14.3
"2558","1988-01-03",13.5
"2559","1988-01-04",15
"2560","1988-01-05",13.6
"2561","1988-01-06",15.2
"2562","1988-01-07",17
"2563","1988-01-08",18.7
"2564","1988-01-09",16.5
"2565","1988-01-10",17.4
"2566","1988-01-11",18.3
"2567","1988-01-12",18.3
"2568","1988-01-13",22.4
"2569","1988-01-14",21.4
"2570","1988-01-15",20.9
"2571","1988-01-16",17.6
"2572","1988-01-17",15.5
"2573","1988-01-18",16.6
"2574","1988-01-19",16.2
"2575","1988-01-20",15.6
"2576","1988-01-21",14.5
"2577","1988-01-22",14
"2578","1988-01-23",15.6
"2579","1988-01-24",12.3
"2580","1988-01-25",11.6
"2581","1988-01-26",12.6
"2582","1988-01-27",14.9
"2583","1988-01-28",17.3
"2584","1988-01-29",21.4
"2585","1988-01-30",23.4
"2586","1988-01-31",14.4
"2587","1988-02-01",14.1
"2588","1988-02-02",15
"2589","1988-02-03",14.5
"2590","1988-02-04",15.1
"2591","1988-02-05",13.9
"2592","1988-02-06",13.4
"2593","1988-02-07",9.2
"2594","1988-02-08",12.5
"2595","1988-02-09",15.1
"2596","1988-02-10",12.1
"2597","1988-02-11",14.5
"2598","1988-02-12",16.3
"2599","1988-02-13",16.5
"2600","1988-02-14",14.9
"2601","1988-02-15",13.2
"2602","1988-02-16",11.8
"2603","1988-02-17",13.6
"2604","1988-02-18",16.2
"2605","1988-02-19",14.1
"2606","1988-02-20",13.5
"2607","1988-02-21",15
"2608","1988-02-22",14.8
"2609","1988-02-23",16.2
"2610","1988-02-24",16.2
"2611","1988-02-25",13.3
"2612","1988-02-26",15.3
"2613","1988-02-27",18.4
"2614","1988-02-28",16.2
"2615","1988-02-29",16.3
"2616","1988-03-01",12.4
"2617","1988-03-02",15.6
"2618","1988-03-03",14.9
"2619","1988-03-04",14.8
"2620","1988-03-05",12.7
"2621","1988-03-06",14.2
"2622","1988-03-07",16.8
"2623","1988-03-08",16.7
"2624","1988-03-09",16.2
"2625","1988-03-10",14.5
"2626","1988-03-11",10
"2627","1988-03-12",12.6
"2628","1988-03-13",11.9
"2629","1988-03-14",11.8
"2630","1988-03-15",13.4
"2631","1988-03-16",14.5
"2632","1988-03-17",15.7
"2633","1988-03-18",15.3
"2634","1988-03-19",13.9
"2635","1988-03-20",13.7
"2636","1988-03-21",15.1
"2637","1988-03-22",15.6
"2638","1988-03-23",14.4
"2639","1988-03-24",13.9
"2640","1988-03-25",16.2
"2641","1988-03-26",16.7
"2642","1988-03-27",15.5
"2643","1988-03-28",16.4
"2644","1988-03-29",17.5
"2645","1988-03-30",18.2
"2646","1988-03-31",16.1
"2647","1988-04-01",16.5
"2648","1988-04-02",14.6
"2649","1988-04-03",16.4
"2650","1988-04-04",13.6
"2651","1988-04-05",15.9
"2652","1988-04-06",11.9
"2653","1988-04-07",14.7
"2654","1988-04-08",9.4
"2655","1988-04-09",6.6
"2656","1988-04-10",7.9
"2657","1988-04-11",11
"2658","1988-04-12",15.7
"2659","1988-04-13",15.2
"2660","1988-04-14",15.9
"2661","1988-04-15",10.6
"2662","1988-04-16",8.3
"2663","1988-04-17",8.6
"2664","1988-04-18",12.7
"2665","1988-04-19",10.5
"2666","1988-04-20",12
"2667","1988-04-21",11.1
"2668","1988-04-22",13
"2669","1988-04-23",12.4
"2670","1988-04-24",13.3
"2671","1988-04-25",15.9
"2672","1988-04-26",12
"2673","1988-04-27",13.7
"2674","1988-04-28",17.6
"2675","1988-04-29",14.3
"2676","1988-04-30",13.7
"2677","1988-05-01",15.2
"2678","1988-05-02",14.5
"2679","1988-05-03",14.9
"2680","1988-05-04",15.5
"2681","1988-05-05",16.4
"2682","1988-05-06",14.5
"2683","1988-05-07",12.6
"2684","1988-05-08",13.6
"2685","1988-05-09",11.2
"2686","1988-05-10",11
"2687","1988-05-11",12
"2688","1988-05-12",6.8
"2689","1988-05-13",10.6
"2690","1988-05-14",13.1
"2691","1988-05-15",13.5
"2692","1988-05-16",11.7
"2693","1988-05-17",13.2
"2694","1988-05-18",12
"2695","1988-05-19",10.4
"2696","1988-05-20",10
"2697","1988-05-21",8.2
"2698","1988-05-22",9.4
"2699","1988-05-23",10.3
"2700","1988-05-24",8.1
"2701","1988-05-25",8.7
"2702","1988-05-26",12.6
"2703","1988-05-27",10.9
"2704","1988-05-28",8.7
"2705","1988-05-29",9.3
"2706","1988-05-30",6.3
"2707","1988-05-31",7.8
"2708","1988-06-01",10
"2709","1988-06-02",11
"2710","1988-06-03",11.1
"2711","1988-06-04",12.6
"2712","1988-06-05",10.2
"2713","1988-06-06",11.1
"2714","1988-06-07",8.7
"2715","1988-06-08",9.5
"2716","1988-06-09",9.7
"2717","1988-06-10",8.2
"2718","1988-06-11",5
"2719","1988-06-12",6.5
"2720","1988-06-13",12.1
"2721","1988-06-14",8.9
"2722","1988-06-15",6.1
"2723","1988-06-16",2.8
"2724","1988-06-17",3.7
"2725","1988-06-18",6.8
"2726","1988-06-19",6.6
"2727","1988-06-20",7
"2728","1988-06-21",7.3
"2729","1988-06-22",7.9
"2730","1988-06-23",10.6
"2731","1988-06-24",8.1
"2732","1988-06-25",6.7
"2733","1988-06-26",8
"2734","1988-06-27",10
"2735","1988-06-28",6.7
"2736","1988-06-29",9.4
"2737","1988-06-30",9.3
"2738","1988-07-01",6
"2739","1988-07-02",5.8
"2740","1988-07-03",4.9
"2741","1988-07-04",5
"2742","1988-07-05",8.4
"2743","1988-07-06",12.3
"2744","1988-07-07",13
"2745","1988-07-08",11.4
"2746","1988-07-09",6.8
"2747","1988-07-10",7.6
"2748","1988-07-11",12.4
"2749","1988-07-12",7.1
"2750","1988-07-13",7.5
"2751","1988-07-14",10
"2752","1988-07-15",5.3
"2753","1988-07-16",6.3
"2754","1988-07-17",8
"2755","1988-07-18",8.3
"2756","1988-07-19",9.3
"2757","1988-07-20",9.5
"2758","1988-07-21",5.6
"2759","1988-07-22",7
"2760","1988-07-23",8.5
"2761","1988-07-24",8.5
"2762","1988-07-25",8.2
"2763","1988-07-26",8.5
"2764","1988-07-27",9.6
"2765","1988-07-28",9.7
"2766","1988-07-29",7.1
"2767","1988-07-30",8.4
"2768","1988-07-31",9.2
"2769","1988-08-01",9.8
"2770","1988-08-02",8.1
"2771","1988-08-03",9.4
"2772","1988-08-04",10
"2773","1988-08-05",5.1
"2774","1988-08-06",6.7
"2775","1988-08-07",6.9
"2776","1988-08-08",6.8
"2777","1988-08-09",8.6
"2778","1988-08-10",9.1
"2779","1988-08-11",3.9
"2780","1988-08-12",4.8
"2781","1988-08-13",8.4
"2782","1988-08-14",11.6
"2783","1988-08-15",12.1
"2784","1988-08-16",12.4
"2785","1988-08-17",10
"2786","1988-08-18",10.1
"2787","1988-08-19",9.7
"2788","1988-08-20",11.7
"2789","1988-08-21",7.9
"2790","1988-08-22",8.6
"2791","1988-08-23",7.7
"2792","1988-08-24",5.8
"2793","1988-08-25",8.7
"2794","1988-08-26",10.6
"2795","1988-08-27",6.7
"2796","1988-08-28",8.8
"2797","1988-08-29",9.7
"2798","1988-08-30",9
"2799","1988-08-31",11.8
"2800","1988-09-01",15.2
"2801","1988-09-02",10
"2802","1988-09-03",10.5
"2803","1988-09-04",5.5
"2804","1988-09-05",9.4
"2805","1988-09-06",8.8
"2806","1988-09-07",5.3
"2807","1988-09-08",13
"2808","1988-09-09",15.2
"2809","1988-09-10",13.2
"2810","1988-09-11",11.5
"2811","1988-09-12",6.8
"2812","1988-09-13",4.7
"2813","1988-09-14",5.2
"2814","1988-09-15",6.8
"2815","1988-09-16",10.7
"2816","1988-09-17",10.1
"2817","1988-09-18",10
"2818","1988-09-19",9.8
"2819","1988-09-20",5.5
"2820","1988-09-21",13.5
"2821","1988-09-22",16.6
"2822","1988-09-23",8.4
"2823","1988-09-24",8.2
"2824","1988-09-25",11.1
"2825","1988-09-26",10.8
"2826","1988-09-27",8.8
"2827","1988-09-28",10.8
"2828","1988-09-29",8.7
"2829","1988-09-30",12.4
"2830","1988-10-01",9
"2831","1988-10-02",13.5
"2832","1988-10-03",14.7
"2833","1988-10-04",10.9
"2834","1988-10-05",8.5
"2835","1988-10-06",6
"2836","1988-10-07",12.7
"2837","1988-10-08",11.1
"2838","1988-10-09",8.7
"2839","1988-10-10",12.3
"2840","1988-10-11",13.3
"2841","1988-10-12",5.6
"2842","1988-10-13",13.7
"2843","1988-10-14",8.5
"2844","1988-10-15",11.2
"2845","1988-10-16",8.7
"2846","1988-10-17",11.7
"2847","1988-10-18",12.5
"2848","1988-10-19",8.2
"2849","1988-10-20",15.6
"2850","1988-10-21",10.3
"2851","1988-10-22",11.4
"2852","1988-10-23",9.7
"2853","1988-10-24",6.3
"2854","1988-10-25",14.3
"2855","1988-10-26",11.3
"2856","1988-10-27",7.3
"2857","1988-10-28",12.8
"2858","1988-10-29",11.9
"2859","1988-10-30",14.3
"2860","1988-10-31",11.6
"2861","1988-11-01",13.2
"2862","1988-11-02",15.5
"2863","1988-11-03",14.1
"2864","1988-11-04",9.5
"2865","1988-11-05",7.2
"2866","1988-11-06",11.8
"2867","1988-11-07",16.8
"2868","1988-11-08",12.5
"2869","1988-11-09",9.4
"2870","1988-11-10",11.9
"2871","1988-11-11",10.3
"2872","1988-11-12",16.9
"2873","1988-11-13",17.5
"2874","1988-11-14",7.5
"2875","1988-11-15",8.6
"2876","1988-11-16",11.1
"2877","1988-11-17",11.5
"2878","1988-11-18",10.7
"2879","1988-11-19",15.7
"2880","1988-11-20",12.8
"2881","1988-11-21",13
"2882","1988-11-22",12.9
"2883","1988-11-23",14.3
"2884","1988-11-24",13.7
"2885","1988-11-25",12.1
"2886","1988-11-26",11.9
"2887","1988-11-27",11.8
"2888","1988-11-28",11.4
"2889","1988-11-29",10.3
"2890","1988-11-30",11.7
"2891","1988-12-01",12
"2892","1988-12-02",17.4
"2893","1988-12-03",16.8
"2894","1988-12-04",16.2
"2895","1988-12-05",13
"2896","1988-12-06",12.5
"2897","1988-12-07",12.4
"2898","1988-12-08",16.1
"2899","1988-12-09",20.2
"2900","1988-12-10",14.3
"2901","1988-12-11",11
"2902","1988-12-12",14.4
"2903","1988-12-13",15.7
"2904","1988-12-14",19.7
"2905","1988-12-15",20.7
"2906","1988-12-16",23.9
"2907","1988-12-17",16.6
"2908","1988-12-18",17.5
"2909","1988-12-19",14.9
"2910","1988-12-20",13.6
"2911","1988-12-21",11.9
"2912","1988-12-22",15.2
"2913","1988-12-23",17.3
"2914","1988-12-24",19.8
"2915","1988-12-25",15.8
"2916","1988-12-26",9.5
"2917","1988-12-27",12.9
"2918","1988-12-28",12.9
"2919","1988-12-29",14.8
"2920","1988-12-30",14.1
"2921","1989-01-01",14.3
"2922","1989-01-02",17.4
"2923","1989-01-03",18.5
"2924","1989-01-04",16.8
"2925","1989-01-05",11.5
"2926","1989-01-06",9.5
"2927","1989-01-07",12.2
"2928","1989-01-08",15.7
"2929","1989-01-09",16.3
"2930","1989-01-10",13.6
"2931","1989-01-11",12.6
"2932","1989-01-12",13.8
"2933","1989-01-13",12.1
"2934","1989-01-14",13.4
"2935","1989-01-15",17.3
"2936","1989-01-16",19.4
"2937","1989-01-17",16.6
"2938","1989-01-18",13.9
"2939","1989-01-19",13.1
"2940","1989-01-20",16
"2941","1989-01-21",14.5
"2942","1989-01-22",15
"2943","1989-01-23",12.6
"2944","1989-01-24",12.5
"2945","1989-01-25",15.2
"2946","1989-01-26",16.2
"2947","1989-01-27",16.5
"2948","1989-01-28",20.1
"2949","1989-01-29",20.6
"2950","1989-01-30",16.9
"2951","1989-01-31",16.5
"2952","1989-02-01",16.1
"2953","1989-02-02",14.4
"2954","1989-02-03",16.3
"2955","1989-02-04",15.7
"2956","1989-02-05",14.2
"2957","1989-02-06",13.2
"2958","1989-02-07",16.8
"2959","1989-02-08",18.5
"2960","1989-02-09",16.7
"2961","1989-02-10",15.3
"2962","1989-02-11",15.9
"2963","1989-02-12",15.2
"2964","1989-02-13",17.5
"2965","1989-02-14",18.3
"2966","1989-02-15",19.4
"2967","1989-02-16",19.4
"2968","1989-02-17",19.5
"2969","1989-02-18",20.5
"2970","1989-02-19",15.7
"2971","1989-02-20",15
"2972","1989-02-21",16.1
"2973","1989-02-22",14.3
"2974","1989-02-23",13
"2975","1989-02-24",16.2
"2976","1989-02-25",17.7
"2977","1989-02-26",13.2
"2978","1989-02-27",15.8
"2979","1989-02-28",18.5
"2980","1989-03-01",20.4
"2981","1989-03-02",22
"2982","1989-03-03",19.7
"2983","1989-03-04",19.6
"2984","1989-03-05",20.3
"2985","1989-03-06",18.3
"2986","1989-03-07",18.9
"2987","1989-03-08",20.3
"2988","1989-03-09",21.4
"2989","1989-03-10",18.3
"2990","1989-03-11",17.8
"2991","1989-03-12",17.7
"2992","1989-03-13",12.8
"2993","1989-03-14",15.1
"2994","1989-03-15",15
"2995","1989-03-16",14.8
"2996","1989-03-17",12
"2997","1989-03-18",12.5
"2998","1989-03-19",15
"2999","1989-03-20",17.1
"3000","1989-03-21",17.3
"3001","1989-03-22",16.9
"3002","1989-03-23",16.5
"3003","1989-03-24",13.6
"3004","1989-03-25",13.2
"3005","1989-03-26",9.4
"3006","1989-03-27",9.5
"3007","1989-03-28",11.8
"3008","1989-03-29",10.4
"3009","1989-03-30",9.7
"3010","1989-03-31",12.6
"3011","1989-04-01",13.3
"3012","1989-04-02",15.1
"3013","1989-04-03",14.2
"3014","1989-04-04",14.2
"3015","1989-04-05",19.2
"3016","1989-04-06",12.6
"3017","1989-04-07",14.2
"3018","1989-04-08",11.9
"3019","1989-04-09",13.9
"3020","1989-04-10",13.5
"3021","1989-04-11",15.3
"3022","1989-04-12",13.9
"3023","1989-04-13",14
"3024","1989-04-14",12.9
"3025","1989-04-15",8.5
"3026","1989-04-16",11.4
"3027","1989-04-17",10.9
"3028","1989-04-18",12
"3029","1989-04-19",8.6
"3030","1989-04-20",9
"3031","1989-04-21",9.6
"3032","1989-04-22",10.2
"3033","1989-04-23",9.8
"3034","1989-04-24",8.3
"3035","1989-04-25",11
"3036","1989-04-26",11.9
"3037","1989-04-27",14
"3038","1989-04-28",15.8
"3039","1989-04-29",14.5
"3040","1989-04-30",13.2
"3041","1989-05-01",14.2
"3042","1989-05-02",14.6
"3043","1989-05-03",11.8
"3044","1989-05-04",14.4
"3045","1989-05-05",10.4
"3046","1989-05-06",10.3
"3047","1989-05-07",10.8
"3048","1989-05-08",10.5
"3049","1989-05-09",9.5
"3050","1989-05-10",12.5
"3051","1989-05-11",13.7
"3052","1989-05-12",12.7
"3053","1989-05-13",11.9
"3054","1989-05-14",11.4
"3055","1989-05-15",9.7
"3056","1989-05-16",8.3
"3057","1989-05-17",8.1
"3058","1989-05-18",11.7
"3059","1989-05-19",11.6
"3060","1989-05-20",7.4
"3061","1989-05-21",5.2
"3062","1989-05-22",11
"3063","1989-05-23",9.5
"3064","1989-05-24",9.2
"3065","1989-05-25",10.7
"3066","1989-05-26",9
"3067","1989-05-27",10.2
"3068","1989-05-28",10.3
"3069","1989-05-29",12.1
"3070","1989-05-30",13.2
"3071","1989-05-31",6.6
"3072","1989-06-01",2.3
"3073","1989-06-02",1.4
"3074","1989-06-03",2.1
"3075","1989-06-04",6.6
"3076","1989-06-05",8.9
"3077","1989-06-06",7.8
"3078","1989-06-07",9
"3079","1989-06-08",10.3
"3080","1989-06-09",7.9
"3081","1989-06-10",7.2
"3082","1989-06-11",8.6
"3083","1989-06-12",8.8
"3084","1989-06-13",6.2
"3085","1989-06-14",9.5
"3086","1989-06-15",10.2
"3087","1989-06-16",9.7
"3088","1989-06-17",11.2
"3089","1989-06-18",10.2
"3090","1989-06-19",10.1
"3091","1989-06-20",8.1
"3092","1989-06-21",6.6
"3093","1989-06-22",5
"3094","1989-06-23",4.7
"3095","1989-06-24",5.3
"3096","1989-06-25",4.5
"3097","1989-06-26",2.3
"3098","1989-06-27",1.4
"3099","1989-06-28",0.5
"3100","1989-06-29",2.4
"3101","1989-06-30",8
"3102","1989-07-01",6
"3103","1989-07-02",7.1
"3104","1989-07-03",9.7
"3105","1989-07-04",6.9
"3106","1989-07-05",5.3
"3107","1989-07-06",7
"3108","1989-07-07",6.2
"3109","1989-07-08",7
"3110","1989-07-09",9.7
"3111","1989-07-10",8
"3112","1989-07-11",8.5
"3113","1989-07-12",7.1
"3114","1989-07-13",7.5
"3115","1989-07-14",3.3
"3116","1989-07-15",1.8
"3117","1989-07-16",2.6
"3118","1989-07-17",5.3
"3119","1989-07-18",5.8
"3120","1989-07-19",5.8
"3121","1989-07-20",7.2
"3122","1989-07-21",5.3
"3123","1989-07-22",1.6
"3124","1989-07-23",3.1
"3125","1989-07-24",5.3
"3126","1989-07-25",7.7
"3127","1989-07-26",4.2
"3128","1989-07-27",5.5
"3129","1989-07-28",9
"3130","1989-07-29",11.2
"3131","1989-07-30",8
"3132","1989-07-31",7.6
"3133","1989-08-01",3.7
"3134","1989-08-02",7.5
"3135","1989-08-03",8.1
"3136","1989-08-04",8.4
"3137","1989-08-05",7.1
"3138","1989-08-06",7.6
"3139","1989-08-07",7.6
"3140","1989-08-08",5.6
"3141","1989-08-09",7
"3142","1989-08-10",10.5
"3143","1989-08-11",7.3
"3144","1989-08-12",7.8
"3145","1989-08-13",5.8
"3146","1989-08-14",3.8
"3147","1989-08-15",5.8
"3148","1989-08-16",6.7
"3149","1989-08-17",6.6
"3150","1989-08-18",6.6
"3151","1989-08-19",9
"3152","1989-08-20",8.1
"3153","1989-08-21",5.1
"3154","1989-08-22",8.6
"3155","1989-08-23",7
"3156","1989-08-24",5.5
"3157","1989-08-25",7.4
"3158","1989-08-26",6.2
"3159","1989-08-27",4.2
"3160","1989-08-28",6.3
"3161","1989-08-29",7
"3162","1989-08-30",4
"3163","1989-08-31",8
"3164","1989-09-01",8.8
"3165","1989-09-02",8.8
"3166","1989-09-03",6.1
"3167","1989-09-04",8.6
"3168","1989-09-05",8.9
"3169","1989-09-06",7.8
"3170","1989-09-07",5
"3171","1989-09-08",7
"3172","1989-09-09",13.3
"3173","1989-09-10",7.9
"3174","1989-09-11",7.5
"3175","1989-09-12",8.3
"3176","1989-09-13",7.2
"3177","1989-09-14",6.5
"3178","1989-09-15",8.9
"3179","1989-09-16",7.4
"3180","1989-09-17",9.9
"3181","1989-09-18",9.3
"3182","1989-09-19",10.6
"3183","1989-09-20",8.6
"3184","1989-09-21",7.2
"3185","1989-09-22",12.6
"3186","1989-09-23",7.8
"3187","1989-09-24",6.3
"3188","1989-09-25",9.2
"3189","1989-09-26",5.8
"3190","1989-09-27",9
"3191","1989-09-28",5
"3192","1989-09-29",11.9
"3193","1989-09-30",13.4
"3194","1989-10-01",10.5
"3195","1989-10-02",6.2
"3196","1989-10-03",5.1
"3197","1989-10-04",9.5
"3198","1989-10-05",11.7
"3199","1989-10-06",9.2
"3200","1989-10-07",7.3
"3201","1989-10-08",9.7
"3202","1989-10-09",9.4
"3203","1989-10-10",10
"3204","1989-10-11",10.9
"3205","1989-10-12",11
"3206","1989-10-13",10.9
"3207","1989-10-14",8
"3208","1989-10-15",11.2
"3209","1989-10-16",7.5
"3210","1989-10-17",7.2
"3211","1989-10-18",13.2
"3212","1989-10-19",12.9
"3213","1989-10-20",9.4
"3214","1989-10-21",10.2
"3215","1989-10-22",9.5
"3216","1989-10-23",12.4
"3217","1989-10-24",10.2
"3218","1989-10-25",13.4
"3219","1989-10-26",11.6
"3220","1989-10-27",8
"3221","1989-10-28",9
"3222","1989-10-29",9.3
"3223","1989-10-30",13.5
"3224","1989-10-31",8
"3225","1989-11-01",8.1
"3226","1989-11-02",10
"3227","1989-11-03",8.5
"3228","1989-11-04",12.5
"3229","1989-11-05",15
"3230","1989-11-06",13.3
"3231","1989-11-07",11
"3232","1989-11-08",11.9
"3233","1989-11-09",8.3
"3234","1989-11-10",9.7
"3235","1989-11-11",11.3
"3236","1989-11-12",12.5
"3237","1989-11-13",9.4
"3238","1989-11-14",11.4
"3239","1989-11-15",13.2
"3240","1989-11-16",13.8
"3241","1989-11-17",16
"3242","1989-11-18",10.9
"3243","1989-11-19",11.9
"3244","1989-11-20",12.4
"3245","1989-11-21",13.2
"3246","1989-11-22",15.5
"3247","1989-11-23",21.6
"3248","1989-11-24",14.9
"3249","1989-11-25",14.4
"3250","1989-11-26",12.9
"3251","1989-11-27",13.1
"3252","1989-11-28",14
"3253","1989-11-29",17.9
"3254","1989-11-30",17.7
"3255","1989-12-01",16.3
"3256","1989-12-02",18.3
"3257","1989-12-03",13.7
"3258","1989-12-04",13.3
"3259","1989-12-05",10.6
"3260","1989-12-06",14.1
"3261","1989-12-07",16
"3262","1989-12-08",16.5
"3263","1989-12-09",14.1
"3264","1989-12-10",18.7
"3265","1989-12-11",16.2
"3266","1989-12-12",14.8
"3267","1989-12-13",12.6
"3268","1989-12-14",10.4
"3269","1989-12-15",12.2
"3270","1989-12-16",12.6
"3271","1989-12-17",12.1
"3272","1989-12-18",17.3
"3273","1989-12-19",16.4
"3274","1989-12-20",12.6
"3275","1989-12-21",12.3
"3276","1989-12-22",11.8
"3277","1989-12-23",12
"3278","1989-12-24",12.7
"3279","1989-12-25",16.4
"3280","1989-12-26",16
"3281","1989-12-27",13.3
"3282","1989-12-28",11.7
"3283","1989-12-29",10.4
"3284","1989-12-30",14.4
"3285","1989-12-31",12.7
"3286","1990-01-01",14.8
"3287","1990-01-02",13.3
"3288","1990-01-03",15.6
"3289","1990-01-04",14.5
"3290","1990-01-05",14.3
"3291","1990-01-06",15.3
"3292","1990-01-07",16.4
"3293","1990-01-08",14.8
"3294","1990-01-09",17.4
"3295","1990-01-10",18.8
"3296","1990-01-11",22.1
"3297","1990-01-12",19
"3298","1990-01-13",15.5
"3299","1990-01-14",15.8
"3300","1990-01-15",14.7
"3301","1990-01-16",10.7
"3302","1990-01-17",11.5
"3303","1990-01-18",15
"3304","1990-01-19",14.5
"3305","1990-01-20",14.5
"3306","1990-01-21",13.3
"3307","1990-01-22",14.3
"3308","1990-01-23",14.3
"3309","1990-01-24",20.5
"3310","1990-01-25",15
"3311","1990-01-26",17.1
"3312","1990-01-27",16.9
"3313","1990-01-28",16.9
"3314","1990-01-29",13.6
"3315","1990-01-30",16.4
"3316","1990-01-31",16.1
"3317","1990-02-01",12
"3318","1990-02-02",12.2
"3319","1990-02-03",14.8
"3320","1990-02-04",14.8
"3321","1990-02-05",14.4
"3322","1990-02-06",12.9
"3323","1990-02-07",13.4
"3324","1990-02-08",15.9
"3325","1990-02-09",16.1
"3326","1990-02-10",17.6
"3327","1990-02-11",15.6
"3328","1990-02-12",15
"3329","1990-02-13",13
"3330","1990-02-14",14.1
"3331","1990-02-15",17.3
"3332","1990-02-16",15.7
"3333","1990-02-17",18.6
"3334","1990-02-18",12.7
"3335","1990-02-19",14
"3336","1990-02-20",13.7
"3337","1990-02-21",16.3
"3338","1990-02-22",20
"3339","1990-02-23",17
"3340","1990-02-24",15.2
"3341","1990-02-25",16.5
"3342","1990-02-26",16.5
"3343","1990-02-27",17.3
"3344","1990-02-28",19.1
"3345","1990-03-01",19.3
"3346","1990-03-02",17.3
"3347","1990-03-03",19
"3348","1990-03-04",19.8
"3349","1990-03-05",19.3
"3350","1990-03-06",17.2
"3351","1990-03-07",14.2
"3352","1990-03-08",10.3
"3353","1990-03-09",13
"3354","1990-03-10",15.3
"3355","1990-03-11",15
"3356","1990-03-12",12.1
"3357","1990-03-13",9.2
"3358","1990-03-14",11
"3359","1990-03-15",15
"3360","1990-03-16",11.6
"3361","1990-03-17",11.6
"3362","1990-03-18",15.1
"3363","1990-03-19",15
"3364","1990-03-20",13.6
"3365","1990-03-21",12.5
"3366","1990-03-22",14.3
"3367","1990-03-23",16
"3368","1990-03-24",17.4
"3369","1990-03-25",16.9
"3370","1990-03-26",18
"3371","1990-03-27",20.6
"3372","1990-03-28",14.2
"3373","1990-03-29",10.9
"3374","1990-03-30",11.9
"3375","1990-03-31",13.3
"3376","1990-04-01",15.3
"3377","1990-04-02",14.7
"3378","1990-04-03",11
"3379","1990-04-04",12.2
"3380","1990-04-05",14.2
"3381","1990-04-06",17
"3382","1990-04-07",15.8
"3383","1990-04-08",15.2
"3384","1990-04-09",15.1
"3385","1990-04-10",14.7
"3386","1990-04-11",18.5
"3387","1990-04-12",16.4
"3388","1990-04-13",18.4
"3389","1990-04-14",15.1
"3390","1990-04-15",9.9
"3391","1990-04-16",10.2
"3392","1990-04-17",12.6
"3393","1990-04-18",13.2
"3394","1990-04-19",11.5
"3395","1990-04-20",13.8
"3396","1990-04-21",14.5
"3397","1990-04-22",14.7
"3398","1990-04-23",11.2
"3399","1990-04-24",12.7
"3400","1990-04-25",13.7
"3401","1990-04-26",11.5
"3402","1990-04-27",10.4
"3403","1990-04-28",8.9
"3404","1990-04-29",11.1
"3405","1990-04-30",9.5
"3406","1990-05-01",13
"3407","1990-05-02",13.9
"3408","1990-05-03",12.6
"3409","1990-05-04",14.3
"3410","1990-05-05",16
"3411","1990-05-06",13.3
"3412","1990-05-07",7
"3413","1990-05-08",4.9
"3414","1990-05-09",6.9
"3415","1990-05-10",13.7
"3416","1990-05-11",10.6
"3417","1990-05-12",12.3
"3418","1990-05-13",11.1
"3419","1990-05-14",10.2
"3420","1990-05-15",9.5
"3421","1990-05-16",8.9
"3422","1990-05-17",13.4
"3423","1990-05-18",9.1
"3424","1990-05-19",9.4
"3425","1990-05-20",8.7
"3426","1990-05-21",5.8
"3427","1990-05-22",4.5
"3428","1990-05-23",7.2
"3429","1990-05-24",10
"3430","1990-05-25",10.5
"3431","1990-05-26",10.7
"3432","1990-05-27",8.2
"3433","1990-05-28",6.1
"3434","1990-05-29",4.5
"3435","1990-05-30",6.1
"3436","1990-05-31",9.8
"3437","1990-06-01",9.7
"3438","1990-06-02",8.2
"3439","1990-06-03",8.4
"3440","1990-06-04",8.5
"3441","1990-06-05",10.4
"3442","1990-06-06",6.8
"3443","1990-06-07",6
"3444","1990-06-08",6.6
"3445","1990-06-09",7.8
"3446","1990-06-10",10.3
"3447","1990-06-11",7.2
"3448","1990-06-12",7.4
"3449","1990-06-13",11.4
"3450","1990-06-14",5.4
"3451","1990-06-15",4.4
"3452","1990-06-16",6.4
"3453","1990-06-17",9.3
"3454","1990-06-18",7.7
"3455","1990-06-19",8.1
"3456","1990-06-20",8.3
"3457","1990-06-21",9.1
"3458","1990-06-22",7.7
"3459","1990-06-23",10.6
"3460","1990-06-24",8.2
"3461","1990-06-25",7.9
"3462","1990-06-26",5.2
"3463","1990-06-27",5.9
"3464","1990-06-28",3.7
"3465","1990-06-29",5.6
"3466","1990-06-30",9.4
"3467","1990-07-01",7.4
"3468","1990-07-02",7.3
"3469","1990-07-03",7.7
"3470","1990-07-04",7.7
"3471","1990-07-05",9.3
"3472","1990-07-06",4.4
"3473","1990-07-07",5.7
"3474","1990-07-08",10.2
"3475","1990-07-09",10.2
"3476","1990-07-10",9.3
"3477","1990-07-11",5.4
"3478","1990-07-12",5
"3479","1990-07-13",7.6
"3480","1990-07-14",9.6
"3481","1990-07-15",10.4
"3482","1990-07-16",11.2
"3483","1990-07-17",9.1
"3484","1990-07-18",11.2
"3485","1990-07-19",6.8
"3486","1990-07-20",8.3
"3487","1990-07-21",9.7
"3488","1990-07-22",9.6
"3489","1990-07-23",9.8
"3490","1990-07-24",10.8
"3491","1990-07-25",9.2
"3492","1990-07-26",6.5
"3493","1990-07-27",8.1
"3494","1990-07-28",7.3
"3495","1990-07-29",7.9
"3496","1990-07-30",6
"3497","1990-07-31",5
"3498","1990-08-01",6.8
"3499","1990-08-02",9.8
"3500","1990-08-03",5.7
"3501","1990-08-04",8.6
"3502","1990-08-05",10.6
"3503","1990-08-06",7.8
"3504","1990-08-07",7.7
"3505","1990-08-08",8.6
"3506","1990-08-09",6.5
"3507","1990-08-10",6.9
"3508","1990-08-11",6.4
"3509","1990-08-12",8.5
"3510","1990-08-13",7.8
"3511","1990-08-14",9.3
"3512","1990-08-15",8.4
"3513","1990-08-16",7.8
"3514","1990-08-17",7.4
"3515","1990-08-18",7.7
"3516","1990-08-19",8.9
"3517","1990-08-20",9.7
"3518","1990-08-21",9.9
"3519","1990-08-22",6.1
"3520","1990-08-23",6.6
"3521","1990-08-24",7.6
"3522","1990-08-25",7.4
"3523","1990-08-26",8
"3524","1990-08-27",2.1
"3525","1990-08-28",5.9
"3526","1990-08-29",11.6
"3527","1990-08-30",8.6
"3528","1990-08-31",7.9
"3529","1990-09-01",6
"3530","1990-09-02",9.5
"3531","1990-09-03",8.6
"3532","1990-09-04",7.6
"3533","1990-09-05",10.4
"3534","1990-09-06",10.3
"3535","1990-09-07",7.5
"3536","1990-09-08",3
"3537","1990-09-09",5.3
"3538","1990-09-10",10.5
"3539","1990-09-11",14.6
"3540","1990-09-12",12.6
"3541","1990-09-13",9.8
"3542","1990-09-14",7.2
"3543","1990-09-15",10.1
"3544","1990-09-16",10.4
"3545","1990-09-17",3.7
"3546","1990-09-18",7.3
"3547","1990-09-19",11.6
"3548","1990-09-20",16.3
"3549","1990-09-21",9.6
"3550","1990-09-22",6.8
"3551","1990-09-23",5.2
"3552","1990-09-24",10.6
"3553","1990-09-25",16.3
"3554","1990-09-26",9.8
"3555","1990-09-27",4.6
"3556","1990-09-28",11.1
"3557","1990-09-29",8.7
"3558","1990-09-30",10
"3559","1990-10-01",11.3
"3560","1990-10-02",10.5
"3561","1990-10-03",9.9
"3562","1990-10-04",11
"3563","1990-10-05",14
"3564","1990-10-06",9.2
"3565","1990-10-07",9.8
"3566","1990-10-08",6
"3567","1990-10-09",9.8
"3568","1990-10-10",9.2
"3569","1990-10-11",11.8
"3570","1990-10-12",10.3
"3571","1990-10-13",7.5
"3572","1990-10-14",7.7
"3573","1990-10-15",15.8
"3574","1990-10-16",14.6
"3575","1990-10-17",10.5
"3576","1990-10-18",11.3
"3577","1990-10-19",10.9
"3578","1990-10-20",6.4
"3579","1990-10-21",10.9
"3580","1990-10-22",9
"3581","1990-10-23",10.9
"3582","1990-10-24",12.4
"3583","1990-10-25",11.6
"3584","1990-10-26",13.3
"3585","1990-10-27",14.4
"3586","1990-10-28",18.4
"3587","1990-10-29",13.6
"3588","1990-10-30",14.9
"3589","1990-10-31",14.8
"3590","1990-11-01",15.4
"3591","1990-11-02",11.8
"3592","1990-11-03",13
"3593","1990-11-04",11.1
"3594","1990-11-05",12.5
"3595","1990-11-06",18.3
"3596","1990-11-07",19.2
"3597","1990-11-08",15.4
"3598","1990-11-09",13.1
"3599","1990-11-10",11.5
"3600","1990-11-11",8.6
"3601","1990-11-12",12.6
"3602","1990-11-13",13.8
"3603","1990-11-14",14.6
"3604","1990-11-15",13.2
"3605","1990-11-16",12.3
"3606","1990-11-17",8.8
"3607","1990-11-18",10.7
"3608","1990-11-19",9.9
"3609","1990-11-20",8.3
"3610","1990-11-21",15
"3611","1990-11-22",12.2
"3612","1990-11-23",10.5
"3613","1990-11-24",11.1
"3614","1990-11-25",13
"3615","1990-11-26",12.9
"3616","1990-11-27",8.8
"3617","1990-11-28",14.7
"3618","1990-11-29",14.7
"3619","1990-11-30",12.7
"3620","1990-12-01",13.3
"3621","1990-12-02",13.2
"3622","1990-12-03",16.2
"3623","1990-12-04",17.3
"3624","1990-12-05",20.5
"3625","1990-12-06",20.2
"3626","1990-12-07",19.4
"3627","1990-12-08",15.5
"3628","1990-12-09",14.1
"3629","1990-12-10",11
"3630","1990-12-11",11.1
"3631","1990-12-12",14
"3632","1990-12-13",11.4
"3633","1990-12-14",12.5
"3634","1990-12-15",13.4
"3635","1990-12-16",13.6
"3636","1990-12-17",13.9
"3637","1990-12-18",17.2
"3638","1990-12-19",14.7
"3639","1990-12-20",15.4
"3640","1990-12-21",13.1
"3641","1990-12-22",13.2
"3642","1990-12-23",13.9
"3643","1990-12-24",10
"3644","1990-12-25",12.9
"3645","1990-12-26",14.6
"3646","1990-12-27",14
"3647","1990-12-28",13.6
"3648","1990-12-29",13.5
"3649","1990-12-30",15.7
"3650","1990-12-31",13
